history,regime,condition,model_seed,model,context_hidden,message_hidden,context_parameters,message_parameters,best_epoch,train_nll_nats,validation_nll_nats,test_nll_nats,calibration_variance,test_rmse_standardized,test_coverage_50,test_coverage_80,test_coverage_95,gain_bits_per_action
0,own_sensor,intact,41,context_only,64,64,5057,5121,50,-0.8179694938250853,-0.9194923847941312,-0.7474691618094156,0.058485012501478195,0.2803686559200287,0.7200303819444445,0.8970920138888889,0.9528862847222223,
0,own_sensor,intact,41,with_message,64,64,5057,5121,47,-0.8477210949046629,-0.9007369329326216,-0.784913247858151,0.06072050333023071,0.27347075939178467,0.7128689236111111,0.8930555555555556,0.9520833333333333,0.054020397253130174
0,own_sensor,intact,41,with_message_shuffled,64,64,5057,5121,47,-0.8477210949046629,-0.9007369329326216,-0.7098160063897835,0.06072050333023071,0.289665549993515,0.6963758680555555,0.8828125,0.9439453125,
0,own_sensor,intact,42,context_only,64,64,5057,5121,80,-0.9547457590315415,-0.9194286410491754,-0.8112411857005033,0.05849246680736542,0.2667372524738312,0.7199001736111111,0.8969618055555556,0.9560980902777778,
0,own_sensor,intact,42,with_message,64,64,5057,5121,34,-0.6759831612234021,-0.7848456368847172,-0.6418628245912744,0.07655917853116989,0.3137713670730591,0.6856336805555555,0.8814019097222222,0.956640625,-0.24436132160618457
0,own_sensor,intact,42,with_message_shuffled,64,64,5057,5121,34,-0.6759831612234021,-0.7848456368847172,-0.565420611478532,0.07655917853116989,0.33189934492111206,0.6566840277777778,0.8654730902777777,0.9442274305555556,
0,own_sensor,intact,43,context_only,64,64,5057,5121,38,-0.7371691731125783,-0.9220774215455655,-0.727780306411674,0.058183424174785614,0.28424137830734253,0.7191840277777778,0.9001736111111112,0.9578993055555556,
0,own_sensor,intact,43,with_message,64,64,5057,5121,80,-0.9084020999295441,-0.9065568314529057,-0.8598294696276033,0.06001783162355423,0.25617724657058716,0.7566840277777778,0.9131727430555555,0.9620659722222222,0.19050667292515852
0,own_sensor,intact,43,with_message_shuffled,64,64,5057,5121,80,-0.9084020999295441,-0.9065568314529057,-0.7896802998378967,0.06001783162355423,0.27211612462997437,0.7350260416666666,0.9023654513888889,0.9560546875,
0,own_sensor,limb_slip_sensor_retained,41,context_only,64,64,5057,5121,50,-0.8179694938250853,-0.9194923847941312,-0.9034767121876123,0.058485012501478195,0.24567939341068268,0.6400297619047619,0.8638690476190476,0.9354464285714286,
0,own_sensor,limb_slip_sensor_retained,41,with_message,64,64,5057,5121,47,-0.8477210949046629,-0.9007369329326216,-0.9358931342601887,0.06072050333023071,0.2375943958759308,0.6316666666666667,0.8624107142857143,0.9444345238095239,0.04676701136746957
0,own_sensor,limb_slip_sensor_retained,41,with_message_shuffled,64,64,5057,5121,47,-0.8477210949046629,-0.9007369329326216,-0.8739769237784972,0.06072050333023071,0.2529234290122986,0.6201785714285715,0.8611011904761905,0.9341071428571428,
0,own_sensor,limb_slip_sensor_retained,42,context_only,64,64,5057,5121,80,-0.9547457590315415,-0.9194286410491754,-0.9509405470984982,0.05849246680736542,0.23410694301128387,0.6825892857142857,0.878125,0.9405059523809524,
0,own_sensor,limb_slip_sensor_retained,42,with_message,64,64,5057,5121,34,-0.6759831612234021,-0.7848456368847172,-0.8502940977443565,0.07655917853116989,0.25794923305511475,0.6287797619047619,0.8589583333333334,0.9488690476190477,-0.14520213336630244
0,own_sensor,limb_slip_sensor_retained,42,with_message_shuffled,64,64,5057,5121,34,-0.6759831612234021,-0.7848456368847172,-0.7865070365661784,0.07655917853116989,0.2762331962585449,0.6290476190476191,0.8584226190476191,0.9373214285714285,
0,own_sensor,limb_slip_sensor_retained,43,context_only,64,64,5057,5121,38,-0.7371691731125783,-0.9220774215455655,-1.0023483149194086,0.058183424174785614,0.22100350260734558,0.6492559523809524,0.8727678571428571,0.9494940476190477,
0,own_sensor,limb_slip_sensor_retained,43,with_message,64,64,5057,5121,80,-0.9084020999295441,-0.9065568314529057,-1.044292578232338,0.06001783162355423,0.20852966606616974,0.6852976190476191,0.8871428571428571,0.9614583333333333,0.06051278067530419
0,own_sensor,limb_slip_sensor_retained,43,with_message_shuffled,64,64,5057,5121,80,-0.9084020999295441,-0.9065568314529057,-0.9951767619774843,0.06001783162355423,0.22221674025058746,0.6486607142857143,0.875625,0.9549404761904762,
0,own_sensor,limb_loss_sensor_retained,41,context_only,64,64,5057,5121,50,-0.8179694938250853,-0.9194923847941312,-0.9403960107155643,0.058485012501478195,0.2367275059223175,0.7219075520833333,0.8870442708333334,0.94619140625,
0,own_sensor,limb_loss_sensor_retained,41,with_message,64,64,5057,5121,47,-0.8477210949046629,-0.9007369329326216,-0.8842114984378848,0.06072050333023071,0.2504543364048004,0.633984375,0.8620768229166667,0.94248046875,-0.08105711723777331
0,own_sensor,limb_loss_sensor_retained,41,with_message_shuffled,64,64,5057,5121,47,-0.8477210949046629,-0.9007369329326216,-0.7627871464664454,0.06072050333023071,0.2783401906490326,0.6053059895833334,0.8318033854166667,0.9235677083333333,
0,own_sensor,limb_loss_sensor_retained,42,context_only,64,64,5057,5121,80,-0.9547457590315415,-0.9194286410491754,-0.8164278229616408,0.05849246680736542,0.26559746265411377,0.7292317708333333,0.8570638020833333,0.9221354166666667,
0,own_sensor,limb_loss_sensor_retained,42,with_message,64,64,5057,5121,34,-0.6759831612234021,-0.7848456368847172,-0.8973284309982572,0.07655917853116989,0.24358981847763062,0.6744140625,0.8809895833333333,0.9629557291666667,0.11671490601932824
0,own_sensor,limb_loss_sensor_retained,42,with_message_shuffled,64,64,5057,5121,34,-0.6759831612234021,-0.7848456368847172,-0.7468465729052478,0.07655917853116989,0.2870148718357086,0.63115234375,0.8526041666666667,0.9374348958333333,
0,own_sensor,limb_loss_sensor_retained,43,context_only,64,64,5057,5121,38,-0.7371691731125783,-0.9220774215455655,-1.119974666271547,0.058183424174785614,0.18749599158763885,0.7436848958333333,0.9127604166666666,0.9736979166666667,
0,own_sensor,limb_loss_sensor_retained,43,with_message,64,64,5057,5121,80,-0.9084020999295441,-0.9065568314529057,-1.0149196704326269,0.06001783162355423,0.21681885421276093,0.61533203125,0.87431640625,0.9646484375,-0.15156232151742086
0,own_sensor,limb_loss_sensor_retained,43,with_message_shuffled,64,64,5057,5121,80,-0.9084020999295441,-0.9065568314529057,-0.958221576675685,0.06001783162355423,0.2319832295179367,0.5892578125,0.8478515625,0.9572916666666667,
0,own_sensor,sensor_failure_only,41,context_only,64,64,5057,5121,50,-0.8179694938250853,-0.9194923847941312,-1.0948861766567985,0.058485012501478195,0.19485685229301453,0.7453125,0.9257486979166667,0.9740885416666667,
0,own_sensor,sensor_failure_only,41,with_message,64,64,5057,5121,47,-0.8477210949046629,-0.9007369329326216,-1.0912673197394092,0.06072050333023071,0.19386154413223267,0.7326171875,0.91982421875,0.97255859375,-0.005220906928404395
0,own_sensor,sensor_failure_only,41,with_message_shuffled,64,64,5057,5121,47,-0.8477210949046629,-0.9007369329326216,-1.0853595469671178,0.06072050333023071,0.19570320844650269,0.7323567708333333,0.9234700520833333,0.9748697916666667,
0,own_sensor,sensor_failure_only,42,context_only,64,64,5057,5121,80,-0.9547457590315415,-0.9194286410491754,-1.1239947068557514,0.05849246680736542,0.18590675294399261,0.7561197916666667,0.9323567708333333,0.975390625,
0,own_sensor,sensor_failure_only,42,with_message,64,64,5057,5121,34,-0.6759831612234021,-0.7848456368847172,-0.9532128239591529,0.07655917853116989,0.22534210979938507,0.6649739583333333,0.9005208333333333,0.97392578125,-0.24638617552860245
0,own_sensor,sensor_failure_only,42,with_message_shuffled,64,64,5057,5121,34,-0.6759831612234021,-0.7848456368847172,-0.9253561662426056,0.07655917853116989,0.2346155047416687,0.6465494791666667,0.8952473958333333,0.9730143229166667,
0,own_sensor,sensor_failure_only,43,context_only,64,64,5057,5121,38,-0.7371691731125783,-0.9220774215455655,-1.1376114470176266,0.058183424174785614,0.18194065988063812,0.737109375,0.9299479166666667,0.97978515625,
0,own_sensor,sensor_failure_only,43,with_message,64,64,5057,5121,80,-0.9084020999295441,-0.9065568314529057,-1.1523629831096371,0.06001783162355423,0.1746777594089508,0.7634765625,0.9384765625,0.9806315104166666,0.021281967965438138
0,own_sensor,sensor_failure_only,43,with_message_shuffled,64,64,5057,5121,80,-0.9084020999295441,-0.9065568314529057,-1.1427311232445698,0.06001783162355423,0.17795641720294952,0.7623046875,0.9327799479166666,0.97919921875,
0,own_sensor,limb_loss_sensor_loss,41,context_only,64,64,5057,5121,50,-0.8179694938250853,-0.9194923847941312,-0.9268607203376139,0.058485012501478195,0.24004819989204407,0.7149739583333333,0.8850911458333334,0.9456705729166667,
0,own_sensor,limb_loss_sensor_loss,41,with_message,64,64,5057,5121,47,-0.8477210949046629,-0.9007369329326216,-0.8726729723472737,0.06072050333023071,0.2532362937927246,0.6286783854166667,0.85947265625,0.942578125,-0.07817639530260471
0,own_sensor,limb_loss_sensor_loss,41,with_message_shuffled,64,64,5057,5121,47,-0.8477210949046629,-0.9007369329326216,-0.7506423440408483,0.06072050333023071,0.28097712993621826,0.6017578125,0.82958984375,0.92353515625,
0,own_sensor,limb_loss_sensor_loss,42,context_only,64,64,5057,5121,80,-0.9547457590315415,-0.9194286410491754,-0.8011114422722013,0.05849246680736542,0.268949419260025,0.72001953125,0.8565755208333333,0.9219401041666667,
0,own_sensor,limb_loss_sensor_loss,42,with_message,64,64,5057,5121,34,-0.6759831612234021,-0.7848456368847172,-0.8901300297530438,0.07655917853116989,0.2458418309688568,0.6711263020833333,0.8807291666666667,0.9624348958333333,0.12842667470555177
0,own_sensor,limb_loss_sensor_loss,42,with_message_shuffled,64,64,5057,5121,34,-0.6759831612234021,-0.7848456368847172,-0.7401508779290872,0.07655917853116989,0.2887953817844391,0.6283528645833333,0.8537109375,0.93740234375,
0,own_sensor,limb_loss_sensor_loss,43,context_only,64,64,5057,5121,38,-0.7371691731125783,-0.9220774215455655,-1.1095792804687765,0.058183424174785614,0.19069457054138184,0.73505859375,0.9125,0.97255859375,
0,own_sensor,limb_loss_sensor_loss,43,with_message,64,64,5057,5121,80,-0.9084020999295441,-0.9065568314529057,-1.005438599127545,0.06001783162355423,0.21942764520645142,0.6109375,0.8715169270833333,0.965625,-0.15024324452579257
0,own_sensor,limb_loss_sensor_loss,43,with_message_shuffled,64,64,5057,5121,80,-0.9084020999295441,-0.9065568314529057,-0.9497467719592517,0.06001783162355423,0.2341655045747757,0.5856119791666666,0.8494791666666667,0.9562825520833333,
0,own_sensor,limb_loss_sensor_loss_cc_dropout,41,context_only,64,64,5057,5121,50,-0.8179694938250853,-0.9194923847941312,-0.8755712635985631,0.058485012501478195,0.25223493576049805,0.6597330729166667,0.8527669270833333,0.94296875,
0,own_sensor,limb_loss_sensor_loss_cc_dropout,41,with_message,64,64,5057,5121,47,-0.8477210949046629,-0.9007369329326216,-0.8735679741403999,0.06072050333023071,0.25302159786224365,0.61826171875,0.8583333333333333,0.9430338541666666,-0.0028901357667571776
0,own_sensor,limb_loss_sensor_loss_cc_dropout,41,with_message_shuffled,64,64,5057,5121,47,-0.8477210949046629,-0.9007369329326216,-0.7586924166774629,0.06072050333023071,0.2792320251464844,0.60244140625,0.8306966145833333,0.92568359375,
0,own_sensor,limb_loss_sensor_loss_cc_dropout,42,context_only,64,64,5057,5121,80,-0.9547457590315415,-0.9194286410491754,-0.8134729461472663,0.05849246680736542,0.266247421503067,0.71591796875,0.8588216145833333,0.92451171875,
0,own_sensor,limb_loss_sensor_loss_cc_dropout,42,with_message,64,64,5057,5121,34,-0.6759831612234021,-0.7848456368847172,-0.8329319446791026,0.07655917853116989,0.263051837682724,0.62158203125,0.8492513020833333,0.9537760416666666,0.028073400682545855
0,own_sensor,limb_loss_sensor_loss_cc_dropout,42,with_message_shuffled,64,64,5057,5121,34,-0.6759831612234021,-0.7848456368847172,-0.6794395789957546,0.07655917853116989,0.30446475744247437,0.5898111979166667,0.82216796875,0.9269856770833333,
0,own_sensor,limb_loss_sensor_loss_cc_dropout,43,context_only,64,64,5057,5121,38,-0.7371691731125783,-0.9220774215455655,-1.0887621119145279,0.058183424174785614,0.1969437599182129,0.7150065104166666,0.904296875,0.9689127604166666,
0,own_sensor,limb_loss_sensor_loss_cc_dropout,43,with_message,64,64,5057,5121,80,-0.9084020999295441,-0.9065568314529057,-1.0018534083345427,0.06001783162355423,0.22040608525276184,0.60908203125,0.87158203125,0.9626627604166667,-0.12538275566493348
0,own_sensor,limb_loss_sensor_loss_cc_dropout,43,with_message_shuffled,64,64,5057,5121,80,-0.9084020999295441,-0.9065568314529057,-0.9387216365942765,0.06001783162355423,0.23697449266910553,0.5817057291666666,0.8434895833333333,0.9545247395833333,
0,peer_sensor,intact,41,context_only,64,63,5057,5104,25,-0.5679769684005688,-0.5133646416513185,-0.06338457447960938,0.13176579773426056,0.5003496408462524,0.42367621527777777,0.7302300347222223,0.8775173611111111,
0,peer_sensor,intact,41,with_message,64,63,5057,5104,51,-0.8248032585919591,-0.7097791621605851,-0.06372682131338989,0.0889609083533287,0.45156142115592957,0.4773003472222222,0.6866102430555555,0.8258246527777777,0.0004937578098550873
0,peer_sensor,intact,41,with_message_shuffled,64,63,5057,5104,51,-0.8248032585919591,-0.7097791621605851,0.5406399045070678,0.0889609083533287,0.5580660700798035,0.37180989583333335,0.6096788194444445,0.781640625,
0,peer_sensor,intact,42,context_only,64,63,5057,5104,53,-0.7194608354751331,-0.617528102959743,-0.34663589849129,0.10698612034320831,0.4061397910118103,0.5819878472222222,0.8051649305555556,0.9155381944444444,
0,peer_sensor,intact,42,with_message,64,63,5057,5104,80,-0.8209261840321527,-0.6308685497539332,-0.25400775822534377,0.10416937619447708,0.4274155795574188,0.5214192708333333,0.7337239583333334,0.8767361111111112,-0.13363415860844793
0,peer_sensor,intact,42,with_message_shuffled,64,63,5057,5104,80,-0.8209261840321527,-0.6308685497539332,-0.1808174011713166,0.10416937619447708,0.44489604234695435,0.4833767361111111,0.7483723958333334,0.8892361111111111,
0,peer_sensor,intact,43,context_only,64,63,5057,5104,24,-0.5510678730768618,-0.5545972048674012,-0.03312864677017826,0.12133567780256271,0.4978766441345215,0.3933159722222222,0.6849609375,0.8560329861111111,
0,peer_sensor,intact,43,with_message,64,63,5057,5104,80,-0.8056197468332648,-0.6044700861492014,-0.3545836108174147,0.10981697589159012,0.4058331251144409,0.5450737847222222,0.7980251736111111,0.9094184027777777,0.4637614825000881
0,peer_sensor,intact,43,with_message_shuffled,64,63,5057,5104,80,-0.8056197468332648,-0.6044700861492014,0.11112156361368208,0.10981697589159012,0.516706109046936,0.42866753472222224,0.677734375,0.8358289930555556,
0,peer_sensor,limb_slip_sensor_retained,41,context_only,64,63,5057,5104,25,-0.5679769684005688,-0.5133646416513185,0.3164247538980534,0.13176579773426056,0.5919809937477112,0.3905654761904762,0.6902678571428571,0.8329761904761904,
0,peer_sensor,limb_slip_sensor_retained,41,with_message,64,63,5057,5104,51,-0.8248032585919591,-0.7097791621605851,0.20978021108263292,0.0889609083533287,0.502564013004303,0.47386904761904763,0.6811309523809523,0.8110714285714286,0.15385555305767787
0,peer_sensor,limb_slip_sensor_retained,41,with_message_shuffled,64,63,5057,5104,51,-0.8248032585919591,-0.7097791621605851,0.9333072244373415,0.0889609083533287,0.6174963712692261,0.3888095238095238,0.612202380952381,0.7661607142857143,
0,peer_sensor,limb_slip_sensor_retained,42,context_only,64,63,5057,5104,53,-0.7194608354751331,-0.617528102959743,-0.18676086756429328,0.10698612034320831,0.4462716281414032,0.5660119047619048,0.7811011904761904,0.8875892857142857,
0,peer_sensor,limb_slip_sensor_retained,42,with_message,64,63,5057,5104,80,-0.8209261840321527,-0.6308685497539332,-0.10473348336046256,0.10416937619447708,0.4623675048351288,0.5307738095238095,0.7359523809523809,0.8564285714285714,-0.11834050040796026
0,peer_sensor,limb_slip_sensor_retained,42,with_message_shuffled,64,63,5057,5104,80,-0.8209261840321527,-0.6308685497539332,-0.12152336772995403,0.10416937619447708,0.4585692286491394,0.4919047619047619,0.7347321428571428,0.8623214285714286,
0,peer_sensor,limb_slip_sensor_retained,43,context_only,64,63,5057,5104,24,-0.5510678730768618,-0.5545972048674012,-0.09213012541995086,0.12133567780256271,0.48328375816345215,0.3923511904761905,0.7063392857142857,0.8784821428571429,
0,peer_sensor,limb_slip_sensor_retained,43,with_message,64,63,5057,5104,80,-0.8056197468332648,-0.6044700861492014,-0.30399159412828897,0.10981697589159012,0.4192997217178345,0.5266071428571428,0.7682440476190476,0.8852678571428572,0.3056514902609717
0,peer_sensor,limb_slip_sensor_retained,43,with_message_shuffled,64,63,5057,5104,80,-0.8056197468332648,-0.6044700861492014,0.17668255080313294,0.10981697589159012,0.5304569602012634,0.41235119047619045,0.653779761904762,0.8107738095238095,
0,peer_sensor,limb_loss_sensor_retained,41,context_only,64,63,5057,5104,25,-0.5679769684005688,-0.5133646416513185,1.8979369963457604,0.13176579773426056,0.8759109377861023,0.30540364583333335,0.5707356770833333,0.7449869791666667,
0,peer_sensor,limb_loss_sensor_retained,41,with_message,64,63,5057,5104,51,-0.8248032585919591,-0.7097791621605851,1.4225369550163753,0.0889609083533287,0.6843584179878235,0.448046875,0.7015625,0.8302408854166666,0.6858572820643121
0,peer_sensor,limb_loss_sensor_retained,41,with_message_shuffled,64,63,5057,5104,51,-0.8248032585919591,-0.7097791621605851,2.15115768762128,0.0889609083533287,0.7732942700386047,0.3924153645833333,0.6189127604166667,0.76875,
0,peer_sensor,limb_loss_sensor_retained,42,context_only,64,63,5057,5104,53,-0.7194608354751331,-0.617528102959743,0.5355992399579143,0.10698612034320831,0.594746470451355,0.63017578125,0.81572265625,0.8770833333333333,
0,peer_sensor,limb_loss_sensor_retained,42,with_message,64,63,5057,5104,80,-0.8209261840321527,-0.6308685497539332,0.01573377014530945,0.10416937619447708,0.4887552559375763,0.5354166666666667,0.79580078125,0.88271484375,0.7500073352280562
0,peer_sensor,limb_loss_sensor_retained,42,with_message_shuffled,64,63,5057,5104,80,-0.8209261840321527,-0.6308685497539332,0.09910601738313778,0.10416937619447708,0.5062127709388733,0.503515625,0.7653645833333333,0.8699869791666667,
0,peer_sensor,limb_loss_sensor_retained,43,context_only,64,63,5057,5104,24,-0.5510678730768618,-0.5545972048674012,0.5638907217624288,0.12133567780256271,0.6267062425613403,0.35638020833333334,0.6454427083333333,0.8407552083333333,
0,peer_sensor,limb_loss_sensor_retained,43,with_message,64,63,5057,5104,80,-0.8056197468332648,-0.6044700861492014,-0.5599649381998295,0.10981697589159012,0.34582048654556274,0.62099609375,0.8404947916666666,0.9267252604166667,1.6213809873025435
0,peer_sensor,limb_loss_sensor_retained,43,with_message_shuffled,64,63,5057,5104,80,-0.8056197468332648,-0.6044700861492014,-0.38469234575065286,0.10981697589159012,0.3976023495197296,0.5870768229166666,0.8129557291666667,0.9051432291666667,
0,peer_sensor,sensor_failure_only,41,context_only,64,63,5057,5104,25,-0.5679769684005688,-0.5133646416513185,-0.529217326872286,0.13176579773426056,0.3571947515010834,0.4984049479166667,0.8498372395833333,0.9568359375,
0,peer_sensor,sensor_failure_only,41,with_message,64,63,5057,5104,51,-0.8248032585919591,-0.7097791621605851,-0.6881728657576971,0.0889609083533287,0.30463936924934387,0.608203125,0.8354166666666667,0.9412434895833334,0.22932436767181544
0,peer_sensor,sensor_failure_only,41,with_message_shuffled,64,63,5057,5104,51,-0.8248032585919591,-0.7097791621605851,-0.4534662192535242,0.0889609083533287,0.366830438375473,0.5234375,0.7791015625,0.90712890625,
0,peer_sensor,sensor_failure_only,42,context_only,64,63,5057,5104,53,-0.7194608354751331,-0.617528102959743,-0.7465050004694417,0.10698612034320831,0.2817598879337311,0.6833333333333333,0.8849283854166666,0.9629231770833333,
0,peer_sensor,sensor_failure_only,42,with_message,64,63,5057,5104,80,-0.8209261840321527,-0.6308685497539332,-0.6981940612693175,0.10416937619447708,0.3002380132675171,0.5951171875,0.8716796875,0.9635091145833333,-0.0696979524047074
0,peer_sensor,sensor_failure_only,42,with_message_shuffled,64,63,5057,5104,80,-0.8209261840321527,-0.6308685497539332,-0.6949282794305655,0.10416937619447708,0.30136898159980774,0.5947916666666667,0.8666666666666667,0.9595052083333333,
0,peer_sensor,sensor_failure_only,43,context_only,64,63,5057,5104,24,-0.5510678730768618,-0.5545972048674012,-0.5332856701163752,0.12133567780256271,0.3556787371635437,0.44892578125,0.8017903645833333,0.9675130208333333,
0,peer_sensor,sensor_failure_only,43,with_message,64,63,5057,5104,80,-0.8056197468332648,-0.6044700861492014,-0.7431815147164953,0.10981697589159012,0.2816935181617737,0.6869466145833333,0.8932291666666666,0.9691080729166667,0.3028156941077938
0,peer_sensor,sensor_failure_only,43,with_message_shuffled,64,63,5057,5104,80,-0.8056197468332648,-0.6044700861492014,-0.673255232826022,0.10981697589159012,0.3077489733695984,0.6426432291666667,0.8638997395833333,0.9543294270833333,
0,peer_sensor,limb_loss_sensor_loss,41,context_only,64,63,5057,5104,25,-0.5679769684005688,-0.5133646416513185,1.8962609617489643,0.13176579773426056,0.8756587505340576,0.30618489583333336,0.5754231770833333,0.7428059895833333,
0,peer_sensor,limb_loss_sensor_loss,41,with_message,64,63,5057,5104,51,-0.8248032585919591,-0.7097791621605851,1.4307308073813738,0.0889609083533287,0.6854227781295776,0.45358072916666664,0.7053059895833333,0.8275716145833333,0.6716180450903965
0,peer_sensor,limb_loss_sensor_loss,41,with_message_shuffled,64,63,5057,5104,51,-0.8248032585919591,-0.7097791621605851,2.148349489483364,0.0889609083533287,0.7729710936546326,0.39482421875,0.6201497395833333,0.7682942708333333,
0,peer_sensor,limb_loss_sensor_loss,42,context_only,64,63,5057,5104,53,-0.7194608354751331,-0.617528102959743,0.5302178553879612,0.10698612034320831,0.5937776565551758,0.6344075520833333,0.8164388020833333,0.8772135416666667,
0,peer_sensor,limb_loss_sensor_loss,42,with_message,64,63,5057,5104,80,-0.8209261840321527,-0.6308685497539332,0.014759685765892231,0.10416937619447708,0.4885476231575012,0.53671875,0.7977864583333333,0.88369140625,0.743648945099461
0,peer_sensor,limb_loss_sensor_loss,42,with_message_shuffled,64,63,5057,5104,80,-0.8209261840321527,-0.6308685497539332,0.09865242489168796,0.10416937619447708,0.506119430065155,0.50830078125,0.7663736979166667,0.8717447916666666,
0,peer_sensor,limb_loss_sensor_loss,43,context_only,64,63,5057,5104,24,-0.5510678730768618,-0.5545972048674012,0.5487982062882618,0.12133567780256271,0.6237772703170776,0.363671875,0.6500325520833333,0.8415364583333333,
0,peer_sensor,limb_loss_sensor_loss,43,with_message,64,63,5057,5104,80,-0.8056197468332648,-0.6044700861492014,-0.5610230647486548,0.10981697589159012,0.34548431634902954,0.6311848958333334,0.8421549479166667,0.9271809895833333,1.601133643998046
0,peer_sensor,limb_loss_sensor_loss,43,with_message_shuffled,64,63,5057,5104,80,-0.8056197468332648,-0.6044700861492014,-0.3923022672201126,0.10981697589159012,0.39549490809440613,0.5932942708333333,0.81396484375,0.9050455729166667,
0,peer_sensor,limb_loss_sensor_loss_cc_dropout,41,context_only,64,63,5057,5104,25,-0.5679769684005688,-0.5133646416513185,1.9225239839835306,0.13176579773426056,0.8796018362045288,0.2945638020833333,0.5542317708333333,0.7489908854166667,
0,peer_sensor,limb_loss_sensor_loss_cc_dropout,41,with_message,64,63,5057,5104,51,-0.8248032585919591,-0.7097791621605851,1.4196338693125439,0.0889609083533287,0.6839810013771057,0.4107747395833333,0.68564453125,0.82197265625,0.7255170745479148
0,peer_sensor,limb_loss_sensor_loss_cc_dropout,41,with_message_shuffled,64,63,5057,5104,51,-0.8248032585919591,-0.7097791621605851,2.1391260997412616,0.0889609083533287,0.7719088792800903,0.35556640625,0.59052734375,0.75380859375,
0,peer_sensor,limb_loss_sensor_loss_cc_dropout,42,context_only,64,63,5057,5104,53,-0.7194608354751331,-0.617528102959743,0.6765449983365872,0.10698612034320831,0.6195819973945618,0.5931640625,0.7888346354166667,0.8656901041666667,
0,peer_sensor,limb_loss_sensor_loss_cc_dropout,42,with_message,64,63,5057,5104,80,-0.8209261840321527,-0.6308685497539332,0.10180254738222617,0.10416937619447708,0.5067673325538635,0.5286783854166667,0.7938802083333333,0.8849283854166666,0.829178083780225
0,peer_sensor,limb_loss_sensor_loss_cc_dropout,42,with_message_shuffled,64,63,5057,5104,80,-0.8209261840321527,-0.6308685497539332,0.18643339531928182,0.10416937619447708,0.5238750576972961,0.48681640625,0.7612630208333333,0.8713541666666667,
0,peer_sensor,limb_loss_sensor_loss_cc_dropout,43,context_only,64,63,5057,5104,24,-0.5510678730768618,-0.5545972048674012,0.8822923240420586,0.12133567780256271,0.6855855584144592,0.32623697916666666,0.5882161458333334,0.7949544270833333,
0,peer_sensor,limb_loss_sensor_loss_cc_dropout,43,with_message,64,63,5057,5104,80,-0.8056197468332648,-0.6044700861492014,-0.43834727230560405,0.10981697589159012,0.3824959993362427,0.6135091145833333,0.8302083333333333,0.9277669270833333,1.9052801964523753
0,peer_sensor,limb_loss_sensor_loss_cc_dropout,43,with_message_shuffled,64,63,5057,5104,80,-0.8056197468332648,-0.6044700861492014,-0.2724978065055711,0.10981697589159012,0.42746853828430176,0.5777018229166667,0.8076822916666667,0.90556640625,
4,own_sensor,intact,41,context_only,64,62,8129,8061,35,-0.9440769627629083,-0.9600313533688721,-0.745642548888541,0.05393030866980553,0.27758678793907166,0.612155720338983,0.832075388418079,0.9230225988700564,
4,own_sensor,intact,41,with_message,64,62,8129,8061,80,-1.087080415933591,-1.0592796809075098,-0.9398187888409841,0.05,0.23623026907444,0.62842072740113,0.8489583333333334,0.9400820974576272,0.28013709843785517
4,own_sensor,intact,41,with_message_shuffled,64,62,8129,8061,80,-1.087080415933591,-1.0592796809075098,-0.8752184942594243,0.05,0.24952909350395203,0.6074549788135594,0.8402409957627118,0.9339468573446328,
4,own_sensor,intact,42,context_only,64,62,8129,8061,36,-0.9050823741117543,-0.952159117102287,-0.7475132567509641,0.05478612706065178,0.2778662145137787,0.64013947740113,0.8427789548022598,0.9250750353107344,
4,own_sensor,intact,42,with_message,64,62,8129,8061,80,-1.1177099584466268,-1.0944323422576963,-1.0071918899069763,0.05,0.22151169180870056,0.6735963983050848,0.8708730579096046,0.9494394420903954,0.37463707627900306
4,own_sensor,intact,42,with_message_shuffled,64,62,8129,8061,80,-1.1177099584466268,-1.0944323422576963,-0.9288367344954112,0.05,0.23854336142539978,0.6214689265536724,0.8564618644067796,0.9406338276836158,
4,own_sensor,intact,43,context_only,64,62,8129,8061,37,-0.8721330380035975,-0.949916134022825,-0.6932189889437979,0.05503245070576668,0.28859275579452515,0.6285752118644068,0.841410663841808,0.9235522598870056,
4,own_sensor,intact,43,with_message,64,62,8129,8061,80,-1.095379580171117,-1.0768405219276795,-0.8526578246051599,0.05,0.25400951504707336,0.6269200211864406,0.8427127471751412,0.9341896186440678,0.2300216175337575
4,own_sensor,intact,43,with_message_shuffled,64,62,8129,8061,80,-1.095379580171117,-1.0768405219276795,-0.8168462836862954,0.05,0.2609635889530182,0.6129060734463276,0.8394906426553672,0.9301509533898306,
4,own_sensor,limb_slip_sensor_retained,41,context_only,64,62,8129,8061,35,-0.9440769627629083,-0.9600313533688721,-0.20498316491594362,0.05393030866980553,0.36792701482772827,0.46529761904761907,0.7118154761904761,0.8413392857142857,
4,own_sensor,limb_slip_sensor_retained,41,with_message,64,62,8129,8061,80,-1.087080415933591,-1.0592796809075098,-0.39921789085491305,0.05,0.3314586579799652,0.49023809523809525,0.7406845238095238,0.8548809523809524,0.2802214758805781
4,own_sensor,limb_slip_sensor_retained,41,with_message_shuffled,64,62,8129,8061,80,-1.087080415933591,-1.0592796809075098,-0.4259078257254741,0.05,0.32740774750709534,0.4792261904761905,0.7366071428571429,0.8641964285714285,
4,own_sensor,limb_slip_sensor_retained,42,context_only,64,62,8129,8061,36,-0.9050823741117543,-0.952159117102287,-0.18643564061886578,0.05478612706065178,0.3724086284637451,0.45997023809523807,0.7088988095238096,0.8432142857142857,
4,own_sensor,limb_slip_sensor_retained,42,with_message,64,62,8129,8061,80,-1.1177099584466268,-1.0944323422576963,-0.5488992405827123,0.05,0.30805304646492004,0.5284821428571429,0.7691369047619048,0.8732440476190476,0.5229244381706025
4,own_sensor,limb_slip_sensor_retained,42,with_message_shuffled,64,62,8129,8061,80,-1.1177099584466268,-1.0944323422576963,-0.5019331049017395,0.05,0.31558409333229065,0.49413690476190475,0.7455357142857143,0.8738690476190476,
4,own_sensor,limb_slip_sensor_retained,43,context_only,64,62,8129,8061,37,-0.8721330380035975,-0.949916134022825,-0.1474872623822497,0.05503245070576668,0.37861815094947815,0.4704464285714286,0.7204166666666667,0.8473511904761905,
4,own_sensor,limb_slip_sensor_retained,43,with_message,64,62,8129,8061,80,-1.095379580171117,-1.0768405219276795,-0.26740589263237,0.05,0.3507791757583618,0.48327380952380955,0.7303273809523809,0.8497916666666666,0.1730060131720458
4,own_sensor,limb_slip_sensor_retained,43,with_message_shuffled,64,62,8129,8061,80,-1.095379580171117,-1.0768405219276795,-0.28813090606183817,0.05,0.3478125035762787,0.47901785714285716,0.7279166666666667,0.85875,
4,own_sensor,limb_loss_sensor_retained,41,context_only,64,62,8129,8061,35,-0.9440769627629083,-0.9600313533688721,-0.6690878290947673,0.05393030866980553,0.2920815944671631,0.5672200520833334,0.8192708333333333,0.919140625,
4,own_sensor,limb_loss_sensor_retained,41,with_message,64,62,8129,8061,80,-1.087080415933591,-1.0592796809075098,-0.7883395161754821,0.05,0.26636940240859985,0.5668619791666667,0.8230143229166667,0.9180338541666667,0.17204381756898982
4,own_sensor,limb_loss_sensor_retained,41,with_message_shuffled,64,62,8129,8061,80,-1.087080415933591,-1.0592796809075098,-0.7682950460018422,0.05,0.2701057493686676,0.5618489583333334,0.8107421875,0.9224609375,
4,own_sensor,limb_loss_sensor_retained,42,context_only,64,62,8129,8061,36,-0.9050823741117543,-0.952159117102287,-0.6623397222502999,0.05478612706065178,0.294180691242218,0.5575846354166667,0.8197591145833333,0.9194010416666667,
4,own_sensor,limb_loss_sensor_retained,42,with_message,64,62,8129,8061,80,-1.1177099584466268,-1.0944323422576963,-0.9115044082059249,0.05,0.24214906990528107,0.6191080729166667,0.85361328125,0.9374674479166667,0.3594686567928362
4,own_sensor,limb_loss_sensor_retained,42,with_message_shuffled,64,62,8129,8061,80,-1.1177099584466268,-1.0944323422576963,-0.8177113562219611,0.05,0.26079776883125305,0.5671223958333333,0.8260091145833334,0.9297200520833333,
4,own_sensor,limb_loss_sensor_retained,43,context_only,64,62,8129,8061,37,-0.8721330380035975,-0.949916134022825,-0.64647716132262,0.05503245070576668,0.2973725497722626,0.6264322916666667,0.8311197916666667,0.92177734375,
4,own_sensor,limb_loss_sensor_retained,43,with_message,64,62,8129,8061,80,-1.095379580171117,-1.0768405219276795,-0.6169808741086605,0.05,0.29679712653160095,0.5466471354166667,0.8090169270833333,0.9089192708333333,-0.04255414728821587
4,own_sensor,limb_loss_sensor_retained,43,with_message_shuffled,64,62,8129,8061,80,-1.095379580171117,-1.0768405219276795,-0.6036268176645568,0.05,0.2990383505821228,0.5415364583333333,0.8015625,0.9148111979166667,
4,own_sensor,sensor_failure_only,41,context_only,64,62,8129,8061,35,-0.9440769627629083,-0.9600313533688721,-0.6334314506730745,0.05393030866980553,0.2985926568508148,0.6048502604166667,0.8231770833333333,0.9195638020833333,
4,own_sensor,sensor_failure_only,41,with_message,64,62,8129,8061,80,-1.087080415933591,-1.0592796809075098,-0.8468268637504787,0.05,0.25515469908714294,0.5801106770833333,0.8384440104166667,0.9396158854166666,0.3078645041952229
4,own_sensor,sensor_failure_only,41,with_message_shuffled,64,62,8129,8061,80,-1.087080415933591,-1.0592796809075098,-0.7780692919323129,0.05,0.26829031109809875,0.5875651041666666,0.83017578125,0.9306315104166667,
4,own_sensor,sensor_failure_only,42,context_only,64,62,8129,8061,36,-0.9050823741117543,-0.952159117102287,-0.6570301143121097,0.05478612706065178,0.29516786336898804,0.6353841145833333,0.8358723958333333,0.9252604166666667,
4,own_sensor,sensor_failure_only,42,with_message,64,62,8129,8061,80,-1.1177099584466268,-1.0944323422576963,-0.9447592780355307,0.05,0.2351822406053543,0.67509765625,0.8741861979166666,0.9484375,0.4151054376229082
4,own_sensor,sensor_failure_only,42,with_message_shuffled,64,62,8129,8061,80,-1.1177099584466268,-1.0944323422576963,-0.8842850714601337,0.05,0.24770568311214447,0.6348958333333333,0.8590169270833333,0.9424153645833333,
4,own_sensor,sensor_failure_only,43,context_only,64,62,8129,8061,37,-0.8721330380035975,-0.949916134022825,-0.606413258103811,0.05503245070576668,0.3046966791152954,0.633203125,0.83447265625,0.9242513020833333,
4,own_sensor,sensor_failure_only,43,with_message,64,62,8129,8061,80,-1.095379580171117,-1.0768405219276795,-0.7225621029307212,0.05,0.2784428298473358,0.5989583333333334,0.8345703125,0.9314453125,0.16756736243676512
4,own_sensor,sensor_failure_only,43,with_message_shuffled,64,62,8129,8061,80,-1.095379580171117,-1.0768405219276795,-0.6933431920934429,0.05,0.28364115953445435,0.6041015625,0.833203125,0.9293619791666666,
4,own_sensor,limb_loss_sensor_loss,41,context_only,64,62,8129,8061,35,-0.9440769627629083,-0.9600313533688721,-0.6357964394814576,0.05393030866980553,0.2981652021408081,0.55693359375,0.81240234375,0.91767578125,
4,own_sensor,limb_loss_sensor_loss,41,with_message,64,62,8129,8061,80,-1.087080415933591,-1.0592796809075098,-0.76728282707894,0.05,0.27029305696487427,0.5624674479166667,0.8182291666666667,0.9161458333333333,0.189694759331292
4,own_sensor,limb_loss_sensor_loss,41,with_message_shuffled,64,62,8129,8061,80,-1.087080415933591,-1.0592796809075098,-0.7405464245544328,0.05,0.2751944363117218,0.55654296875,0.8085611979166667,0.9183268229166667,
4,own_sensor,limb_loss_sensor_loss,42,context_only,64,62,8129,8061,36,-0.9050823741117543,-0.952159117102287,-0.6307031776964765,0.05478612706065178,0.3000146448612213,0.5490234375,0.8128580729166667,0.917578125,
4,own_sensor,limb_loss_sensor_loss,42,with_message,64,62,8129,8061,80,-1.1177099584466268,-1.0944323422576963,-0.8920576461916913,0.05,0.2461317777633667,0.61767578125,0.85087890625,0.9362630208333333,0.3770547956122171
4,own_sensor,limb_loss_sensor_loss,42,with_message_shuffled,64,62,8129,8061,80,-1.1177099584466268,-1.0944323422576963,-0.7965782659556917,0.05,0.264818400144577,0.5661783854166667,0.8234375,0.9260091145833333,
4,own_sensor,limb_loss_sensor_loss,43,context_only,64,62,8129,8061,37,-0.8721330380035975,-0.949916134022825,-0.6157081488261602,0.05503245070576668,0.30301323533058167,0.6224934895833333,0.8281901041666667,0.9190755208333333,
4,own_sensor,limb_loss_sensor_loss,43,with_message,64,62,8129,8061,80,-1.095379580171117,-1.0768405219276795,-0.5933640087278979,0.05,0.30074939131736755,0.5423177083333334,0.80458984375,0.9069986979166667,-0.032235780112691334
4,own_sensor,limb_loss_sensor_loss,43,with_message_shuffled,64,62,8129,8061,80,-1.095379580171117,-1.0768405219276795,-0.5793753465433391,0.05,0.3030661344528198,0.5415364583333333,0.7988606770833333,0.9109700520833334,
4,own_sensor,limb_loss_sensor_loss_cc_dropout,41,context_only,64,62,8129,8061,35,-0.9440769627629083,-0.9600313533688721,-0.5844182672131242,0.05393030866980553,0.30731770396232605,0.53251953125,0.79951171875,0.9113606770833333,
4,own_sensor,limb_loss_sensor_loss_cc_dropout,41,with_message,64,62,8129,8061,80,-1.087080415933591,-1.0592796809075098,-0.7395583685819163,0.05,0.2753739058971405,0.5402994791666667,0.8044596354166667,0.9156901041666666,0.22381985488776743
4,own_sensor,limb_loss_sensor_loss_cc_dropout,41,with_message_shuffled,64,62,8129,8061,80,-1.087080415933591,-1.0592796809075098,-0.7123566497617142,0.05,0.28026941418647766,0.5426106770833333,0.7953776041666667,0.916015625,
4,own_sensor,limb_loss_sensor_loss_cc_dropout,42,context_only,64,62,8129,8061,36,-0.9050823741117543,-0.952159117102287,-0.6110128654234589,0.05478612706065178,0.30358901619911194,0.5390950520833333,0.8107096354166666,0.9171875,
4,own_sensor,limb_loss_sensor_loss_cc_dropout,42,with_message,64,62,8129,8061,80,-1.1177099584466268,-1.0944323422576963,-0.8764026472474349,0.05,0.24929170310497284,0.6139973958333333,0.8454752604166667,0.9351888020833333,0.38287652214005413
4,own_sensor,limb_loss_sensor_loss_cc_dropout,42,with_message_shuffled,64,62,8129,8061,80,-1.1177099584466268,-1.0944323422576963,-0.7754859771014572,0.05,0.26877129077911377,0.56416015625,0.8204752604166666,0.924609375,
4,own_sensor,limb_loss_sensor_loss_cc_dropout,43,context_only,64,62,8129,8061,37,-0.8721330380035975,-0.949916134022825,-0.5642807307571769,0.05503245070576668,0.312213659286499,0.5935546875,0.802734375,0.9118489583333333,
4,own_sensor,limb_loss_sensor_loss_cc_dropout,43,with_message,64,62,8129,8061,80,-1.095379580171117,-1.0768405219276795,-0.5662307723887865,0.05,0.30522701144218445,0.5310872395833334,0.7943684895833333,0.9064778645833333,0.0028133153914502093
4,own_sensor,limb_loss_sensor_loss_cc_dropout,43,with_message_shuffled,64,62,8129,8061,80,-1.095379580171117,-1.0768405219276795,-0.5564884901527336,0.05,0.30681878328323364,0.5274739583333333,0.7934895833333333,0.91025390625,
4,peer_sensor,intact,41,context_only,64,59,8129,8084,12,-0.38222182723655973,-0.18466010602406702,0.3839111845641671,0.254279762506485,0.7371784448623657,0.4216763771186441,0.7073402189265536,0.849510063559322,
4,peer_sensor,intact,41,with_message,64,59,8129,8084,36,-0.6413742345809867,-0.4433346476223436,0.10543686108948414,0.15157583355903625,0.5638588666915894,0.4666754943502825,0.6998587570621468,0.8243953036723164,0.4017535254918342
4,peer_sensor,intact,41,with_message_shuffled,64,59,8129,8084,36,-0.6413742345809867,-0.4433346476223436,0.24470537268152512,0.15157583355903625,0.6001302003860474,0.3817752471751412,0.6387491172316384,0.8071371822033898,
4,peer_sensor,intact,42,context_only,64,59,8129,8084,12,-0.42293581683753645,-0.25231613400556113,0.5695171193890989,0.2220989316701889,0.7662607431411743,0.3271760240112994,0.5810381355932204,0.7902983757062146,
4,peer_sensor,intact,42,with_message,64,59,8129,8084,35,-0.6248794296056831,-0.4119382932885802,0.22265212086218852,0.16139884293079376,0.6051802635192871,0.4478283898305085,0.6712791313559322,0.8078213276836158,0.5004204132327311
4,peer_sensor,intact,42,with_message_shuffled,64,59,8129,8084,35,-0.6248794296056831,-0.4119382932885802,0.3026557239622265,0.16139884293079376,0.6261534094810486,0.3866966807909605,0.6376897951977402,0.8034516242937854,
4,peer_sensor,intact,43,context_only,64,59,8129,8084,39,-0.6392764574008889,-0.4031221861995864,-0.20721042944551266,0.16426993906497955,0.4781576693058014,0.5474929378531074,0.7757989053672316,0.902542372881356,
4,peer_sensor,intact,43,with_message,64,59,8129,8084,36,-0.6395986032112644,-0.40859681146345583,-0.2904429699622939,0.16248109936714172,0.4481925964355469,0.5737111581920904,0.8151703742937854,0.9205287782485876,0.12007917344415003
4,peer_sensor,intact,43,with_message_shuffled,64,59,8129,8084,36,-0.6395986032112644,-0.40859681146345583,0.03620957077931942,0.16248109936714172,0.5540996193885803,0.5106373587570622,0.7532000353107344,0.8760151836158192,
4,peer_sensor,limb_slip_sensor_retained,41,context_only,64,59,8129,8084,12,-0.38222182723655973,-0.18466010602406702,0.9316785797741588,0.254279762506485,0.9066445827484131,0.3919047619047619,0.6751488095238095,0.8125595238095238,
4,peer_sensor,limb_slip_sensor_retained,41,with_message,64,59,8129,8084,36,-0.6413742345809867,-0.4433346476223436,0.3046501536416505,0.15157583355903625,0.6150842905044556,0.4649702380952381,0.7132142857142857,0.8378571428571429,0.9046108008777815
4,peer_sensor,limb_slip_sensor_retained,41,with_message_shuffled,64,59,8129,8084,36,-0.6413742345809867,-0.4433346476223436,0.4352522318014821,0.15157583355903625,0.6464679837226868,0.39071428571428574,0.6538095238095238,0.8194940476190476,
4,peer_sensor,limb_slip_sensor_retained,42,context_only,64,59,8129,8084,12,-0.42293581683753645,-0.25231613400556113,1.2689279534408764,0.2220989316701889,0.9475401043891907,0.3127083333333333,0.557797619047619,0.7551190476190476,
4,peer_sensor,limb_slip_sensor_retained,42,with_message,64,59,8129,8084,35,-0.6248794296056831,-0.4119382932885802,0.39457451575534747,0.16139884293079376,0.649414598941803,0.46958333333333335,0.7197023809523809,0.8363988095238095,1.2614253685331298
4,peer_sensor,limb_slip_sensor_retained,42,with_message_shuffled,64,59,8129,8084,35,-0.6248794296056831,-0.4119382932885802,0.5083804180532813,0.16139884293079376,0.6771082878112793,0.39208333333333334,0.6563690476190476,0.8173809523809524,
4,peer_sensor,limb_slip_sensor_retained,43,context_only,64,59,8129,8084,39,-0.6392764574008889,-0.4031221861995864,0.03481070985025221,0.16426993906497955,0.5551111102104187,0.5400297619047619,0.757529761904762,0.8754761904761905,
4,peer_sensor,limb_slip_sensor_retained,43,with_message,64,59,8129,8084,36,-0.6395986032112644,-0.40859681146345583,0.10982131488759023,0.16248109936714172,0.5752802491188049,0.5264880952380953,0.7551785714285715,0.8658035714285715,-0.10821742790144825
4,peer_sensor,limb_slip_sensor_retained,43,with_message_shuffled,64,59,8129,8084,36,-0.6395986032112644,-0.40859681146345583,0.4907147340531909,0.16248109936714172,0.6743317246437073,0.46910714285714283,0.70375,0.8321726190476191,
4,peer_sensor,limb_loss_sensor_retained,41,context_only,64,59,8129,8084,12,-0.38222182723655973,-0.18466010602406702,2.024133897011773,0.254279762506485,1.173704743385315,0.37493489583333334,0.6538736979166667,0.8119791666666667,
4,peer_sensor,limb_loss_sensor_retained,41,with_message,64,59,8129,8084,36,-0.6413742345809867,-0.4433346476223436,-0.44329416355308193,0.15157583355903625,0.38934317231178284,0.5590494791666667,0.8478190104166666,0.9498372395833333,3.559746226727189
4,peer_sensor,limb_loss_sensor_retained,41,with_message_shuffled,64,59,8129,8084,36,-0.6413742345809867,-0.4433346476223436,-0.3180875807612555,0.15157583355903625,0.43536728620529175,0.46995442708333335,0.77958984375,0.9328125,
4,peer_sensor,limb_loss_sensor_retained,42,context_only,64,59,8129,8084,12,-0.42293581683753645,-0.25231613400556113,2.4366107143387477,0.2220989316701889,1.1901742219924927,0.29619140625,0.5091796875,0.7182942708333333,
4,peer_sensor,limb_loss_sensor_retained,42,with_message,64,59,8129,8084,35,-0.6248794296056831,-0.4119382932885802,-0.21481379407292378,0.16139884293079376,0.4743734896183014,0.482421875,0.7718098958333334,0.91806640625,3.825196989576976
4,peer_sensor,limb_loss_sensor_retained,42,with_message_shuffled,64,59,8129,8084,35,-0.6248794296056831,-0.4119382932885802,-0.10622263168697162,0.16139884293079376,0.509983479976654,0.4110026041666667,0.7053385416666667,0.900390625,
4,peer_sensor,limb_loss_sensor_retained,43,context_only,64,59,8129,8084,39,-0.6392764574008889,-0.4031221861995864,-0.16342810610955358,0.16426993906497955,0.4929695725440979,0.5664388020833333,0.7988606770833333,0.8992838541666667,
4,peer_sensor,limb_loss_sensor_retained,43,with_message,64,59,8129,8084,36,-0.6395986032112644,-0.40859681146345583,0.5555884823456732,0.16248109936714172,0.6897860765457153,0.5986979166666667,0.7955729166666666,0.8708984375,-1.0373216664812563
4,peer_sensor,limb_loss_sensor_retained,43,with_message_shuffled,64,59,8129,8084,36,-0.6395986032112644,-0.40859681146345583,0.8447718070366868,0.16248109936714172,0.7548367381095886,0.5577473958333333,0.7676106770833333,0.85322265625,
4,peer_sensor,sensor_failure_only,41,context_only,64,59,8129,8084,12,-0.38222182723655973,-0.18466010602406702,-0.025821414786530453,0.254279762506485,0.5788425207138062,0.5130533854166667,0.8070638020833333,0.91728515625,
4,peer_sensor,sensor_failure_only,41,with_message,64,59,8129,8084,36,-0.6413742345809867,-0.4433346476223436,-0.2948617031715609,0.15157583355903625,0.44337978959083557,0.4925130208333333,0.76865234375,0.9392578125,0.3881430898524201
4,peer_sensor,sensor_failure_only,41,with_message_shuffled,64,59,8129,8084,36,-0.6413742345809867,-0.4433346476223436,-0.2206139789831674,0.15157583355903625,0.4680747389793396,0.4363606770833333,0.7343424479166667,0.9164388020833333,
4,peer_sensor,sensor_failure_only,42,context_only,64,59,8129,8084,12,-0.42293581683753645,-0.25231613400556113,0.09149018119025418,0.2220989316701889,0.6122229695320129,0.37014973958333336,0.6703125,0.8987955729166667,
4,peer_sensor,sensor_failure_only,42,with_message,64,59,8129,8084,35,-0.6248794296056831,-0.4119382932885802,-0.10994060025285554,0.16139884293079376,0.508805513381958,0.46901041666666665,0.73154296875,0.91357421875,0.290603189470363
4,peer_sensor,sensor_failure_only,42,with_message_shuffled,64,59,8129,8084,35,-0.6248794296056831,-0.4119382932885802,-0.10528933723200558,0.16139884293079376,0.5102787613868713,0.42819010416666664,0.7069986979166667,0.8975911458333333,
4,peer_sensor,sensor_failure_only,43,context_only,64,59,8129,8084,39,-0.6392764574008889,-0.4031221861995864,-0.4801976467245855,0.16426993906497955,0.372756689786911,0.6429036458333334,0.8752278645833333,0.956640625,
4,peer_sensor,sensor_failure_only,43,with_message,64,59,8129,8084,36,-0.6395986032112644,-0.40859681146345583,-0.46056769742458137,0.16248109936714172,0.3815658688545227,0.66103515625,0.8695638020833333,0.953125,-0.028320030508017714
4,peer_sensor,sensor_failure_only,43,with_message_shuffled,64,59,8129,8084,36,-0.6395986032112644,-0.40859681146345583,-0.3570562266374763,0.16248109936714172,0.42335546016693115,0.6240885416666667,0.840625,0.9340494791666667,
4,peer_sensor,limb_loss_sensor_loss,41,context_only,64,59,8129,8084,12,-0.38222182723655973,-0.18466010602406702,2.0217334702460996,0.254279762506485,1.1731846332550049,0.37412109375,0.6536458333333334,0.8111653645833333,
4,peer_sensor,limb_loss_sensor_loss,41,with_message,64,59,8129,8084,36,-0.6413742345809867,-0.4433346476223436,-0.442403139934266,0.15157583355903625,0.38968992233276367,0.5668619791666667,0.8498046875,0.9489583333333333,3.5549976675801545
4,peer_sensor,limb_loss_sensor_loss,41,with_message_shuffled,64,59,8129,8084,36,-0.6413742345809867,-0.4433346476223436,-0.32030968309002456,0.15157583355903625,0.43459299206733704,0.47418619791666666,0.7828776041666666,0.9351888020833333,
4,peer_sensor,limb_loss_sensor_loss,42,context_only,64,59,8129,8084,12,-0.42293581683753645,-0.25231613400556113,2.4410231409691403,0.2220989316701889,1.1909972429275513,0.295703125,0.509375,0.7187825520833333,
4,peer_sensor,limb_loss_sensor_loss,42,with_message,64,59,8129,8084,35,-0.6248794296056831,-0.4119382932885802,-0.215532498349284,0.16139884293079376,0.4741288721561432,0.49124348958333336,0.7742513020833334,0.9197916666666667,3.832599646690301
4,peer_sensor,limb_loss_sensor_loss,42,with_message_shuffled,64,59,8129,8084,35,-0.6248794296056831,-0.4119382932885802,-0.10578917800172385,0.16139884293079376,0.510120689868927,0.41259765625,0.7079427083333333,0.900390625,
4,peer_sensor,limb_loss_sensor_loss,43,context_only,64,59,8129,8084,39,-0.6392764574008889,-0.4031221861995864,-0.16795674731608473,0.16426993906497955,0.4914581775665283,0.57001953125,0.8012044270833333,0.8994791666666667,
4,peer_sensor,limb_loss_sensor_loss,43,with_message,64,59,8129,8084,36,-0.6395986032112644,-0.40859681146345583,0.5558391376815638,0.16248109936714172,0.6898451447486877,0.6073893229166667,0.8001627604166667,0.87001953125,-1.044216733901946
4,peer_sensor,limb_loss_sensor_loss,43,with_message_shuffled,64,59,8129,8084,36,-0.6395986032112644,-0.40859681146345583,0.8400976077783107,0.16248109936714172,0.7538298964500427,0.5620768229166667,0.76982421875,0.8541666666666666,
4,peer_sensor,limb_loss_sensor_loss_cc_dropout,41,context_only,64,59,8129,8084,12,-0.38222182723655973,-0.18466010602406702,2.292459736646163,0.254279762506485,1.2304643392562866,0.328125,0.6107421875,0.7942057291666667,
4,peer_sensor,limb_loss_sensor_loss_cc_dropout,41,with_message,64,59,8129,8084,36,-0.6413742345809867,-0.4433346476223436,-0.411587882921325,0.15157583355903625,0.40149709582328796,0.5356119791666667,0.8384765625,0.9484375,3.9011160910776215
4,peer_sensor,limb_loss_sensor_loss_cc_dropout,41,with_message_shuffled,64,59,8129,8084,36,-0.6413742345809867,-0.4433346476223436,-0.27802967113498783,0.15157583355903625,0.449097216129303,0.439453125,0.7578450520833333,0.9321940104166667,
4,peer_sensor,limb_loss_sensor_loss_cc_dropout,42,context_only,64,59,8129,8084,12,-0.42293581683753645,-0.25231613400556113,2.5311727529800834,0.2220989316701889,1.2076915502548218,0.2786458333333333,0.4857421875,0.7096028645833333,
4,peer_sensor,limb_loss_sensor_loss_cc_dropout,42,with_message,64,59,8129,8084,35,-0.6248794296056831,-0.4119382932885802,-0.19549245290908454,0.16139884293079376,0.48090240359306335,0.4826171875,0.7764322916666667,0.9155598958333333,3.933746370700787
4,peer_sensor,limb_loss_sensor_loss_cc_dropout,42,with_message_shuffled,64,59,8129,8084,35,-0.6248794296056831,-0.4119382932885802,-0.09425952716769552,0.16139884293079376,0.5137555599212646,0.4140625,0.7104817708333333,0.898828125,
4,peer_sensor,limb_loss_sensor_loss_cc_dropout,43,context_only,64,59,8129,8084,39,-0.6392764574008889,-0.4031221861995864,-0.087887839501507,0.16426993906497955,0.5175296664237976,0.5136393229166667,0.7498372395833334,0.8839518229166666,
4,peer_sensor,limb_loss_sensor_loss_cc_dropout,43,with_message,64,59,8129,8084,36,-0.6395986032112644,-0.40859681146345583,0.6096177865767153,0.16248109936714172,0.7023975849151611,0.5769856770833334,0.78876953125,0.8686197916666667,-1.006287907735203
4,peer_sensor,limb_loss_sensor_loss_cc_dropout,43,with_message_shuffled,64,59,8129,8084,36,-0.6395986032112644,-0.40859681146345583,0.894575590831242,0.16248109936714172,0.7654821276664734,0.5240234375,0.75068359375,0.8513346354166667,
8,own_sensor,intact,41,context_only,64,62,11201,11285,80,-1.07802570464807,-1.028598998122993,-0.9975847587350112,0.05,0.22366970777511597,0.6618175287356322,0.8712508979885057,0.9504310344827587,
8,own_sensor,intact,41,with_message,64,62,11201,11285,80,-1.0166519254351964,-0.9403282759207987,-0.8892191573245332,0.05609791353344917,0.24866071343421936,0.6389412715517241,0.8504624640804598,0.9388469827586207,-0.1563385157578467
8,own_sensor,intact,41,with_message_shuffled,64,62,11201,11285,80,-1.0166519254351964,-0.9403282759207987,-0.8676698709830989,0.05609791353344917,0.2534756064414978,0.6422638290229885,0.856725933908046,0.9395653735632183,
8,own_sensor,intact,42,context_only,64,62,11201,11285,19,-0.6713575576099566,-0.7261755970593793,-0.3255267888582046,0.08609092980623245,0.3937961161136627,0.621161099137931,0.8276535560344828,0.9136359554597702,
8,own_sensor,intact,42,with_message,64,62,11201,11285,80,-1.0145431538222898,-0.9402893824833112,-0.9066722250779955,0.05610228329896927,0.24469220638275146,0.642510775862069,0.8569953304597702,0.942034841954023,0.8384156388695458
8,own_sensor,intact,42,with_message_shuffled,64,62,11201,11285,80,-1.0145431538222898,-0.9402893824833112,-0.8882639763269489,0.05610228329896927,0.24887700378894806,0.6441047054597702,0.8569279813218391,0.9404858117816092,
8,own_sensor,intact,43,context_only,64,62,11201,11285,80,-1.0854811539753157,-1.0415645352825316,-1.0644089888553026,0.05,0.20819634199142456,0.6702137212643678,0.8862473060344828,0.9587149784482759,
8,own_sensor,intact,43,with_message,64,62,11201,11285,80,-1.020407012036193,-0.948824403741042,-0.8404786689767056,0.05515274032950401,0.2590441405773163,0.6333961925287356,0.8437051005747126,0.9322916666666666,-0.323063161993531
8,own_sensor,intact,43,with_message_shuffled,64,62,11201,11285,80,-1.020407012036193,-0.948824403741042,-0.8508972872300692,0.05515274032950401,0.2568163573741913,0.6282327586206896,0.8474317528735632,0.9351876795977011,
8,own_sensor,limb_slip_sensor_retained,41,context_only,64,62,11201,11285,80,-1.07802570464807,-1.028598998122993,-0.4360029161631744,0.05,0.32586243748664856,0.518095238095238,0.7641071428571429,0.8696428571428572,
8,own_sensor,limb_slip_sensor_retained,41,with_message,64,62,11201,11285,80,-1.0166519254351964,-0.9403282759207987,-0.21423681294315697,0.05609791353344917,0.37089401483535767,0.4843452380952381,0.7223511904761905,0.8355059523809524,-0.3199408573527891
8,own_sensor,limb_slip_sensor_retained,41,with_message_shuffled,64,62,11201,11285,80,-1.0166519254351964,-0.9403282759207987,-0.2609102437361577,0.05609791353344917,0.3637661039829254,0.47208333333333335,0.7271428571428571,0.8535119047619047,
8,own_sensor,limb_slip_sensor_retained,42,context_only,64,62,11201,11285,19,-0.6713575576099566,-0.7261755970593793,0.3730740072352454,0.08609092980623245,0.5247492790222168,0.4429464285714286,0.6803571428571429,0.8260416666666667,
8,own_sensor,limb_slip_sensor_retained,42,with_message,64,62,11201,11285,80,-1.0145431538222898,-0.9402893824833112,-0.26029609423902617,0.05610228329896927,0.36386898159980774,0.4881547619047619,0.731577380952381,0.8425595238095238,0.9137599044442712
8,own_sensor,limb_slip_sensor_retained,42,with_message_shuffled,64,62,11201,11285,80,-1.0145431538222898,-0.9402893824833112,-0.318373306817667,0.05610228329896927,0.3548015058040619,0.4801488095238095,0.7356547619047619,0.8578869047619048,
8,own_sensor,limb_slip_sensor_retained,43,context_only,64,62,11201,11285,80,-1.0854811539753157,-1.0415645352825316,-0.5890248581941574,0.05,0.30146995186805725,0.532172619047619,0.7865178571428572,0.8849107142857143,
8,own_sensor,limb_slip_sensor_retained,43,with_message,64,62,11201,11285,80,-1.020407012036193,-0.948824403741042,-0.1766035045899596,0.05515274032950401,0.37461039423942566,0.49032738095238093,0.723452380952381,0.8352380952380952,-0.5949982416014898
8,own_sensor,limb_slip_sensor_retained,43,with_message_shuffled,64,62,11201,11285,80,-1.020407012036193,-0.948824403741042,-0.2834139607656071,0.05515274032950401,0.3585403263568878,0.47098214285714285,0.7229761904761904,0.8530952380952381,
8,own_sensor,limb_loss_sensor_retained,41,context_only,64,62,11201,11285,80,-1.07802570464807,-1.028598998122993,-0.6561529400096269,0.05,0.290122926235199,0.6255533854166667,0.8218098958333333,0.9075520833333334,
8,own_sensor,limb_loss_sensor_retained,41,with_message,64,62,11201,11285,80,-1.0166519254351964,-0.9403282759207987,-0.556351055139069,0.05609791353344917,0.31492629647254944,0.55712890625,0.7903971354166667,0.8944661458333333,-0.1439836843741251
8,own_sensor,limb_loss_sensor_retained,41,with_message_shuffled,64,62,11201,11285,80,-1.0166519254351964,-0.9403282759207987,-0.4574584715064339,0.05609791353344917,0.3320751190185547,0.5338216145833333,0.7791666666666667,0.8926106770833333,
8,own_sensor,limb_loss_sensor_retained,42,context_only,64,62,11201,11285,19,-0.6713575576099566,-0.7261755970593793,-0.0641921907623762,0.08609092980623245,0.4472946226596832,0.5756510416666667,0.7915364583333333,0.88837890625,
8,own_sensor,limb_loss_sensor_retained,42,with_message,64,62,11201,11285,80,-1.0145431538222898,-0.9402893824833112,-0.5177113006035338,0.05610228329896927,0.3217413127422333,0.5481770833333334,0.7777018229166667,0.8853515625,0.6542897707162151
8,own_sensor,limb_loss_sensor_retained,42,with_message_shuffled,64,62,11201,11285,80,-1.0145431538222898,-0.9402893824833112,-0.4850001849351721,0.05610228329896927,0.327395498752594,0.5349934895833334,0.77861328125,0.88837890625,
8,own_sensor,limb_loss_sensor_retained,43,context_only,64,62,11201,11285,80,-1.0854811539753157,-1.0415645352825316,-0.6789716876343346,0.05,0.286163330078125,0.6375651041666667,0.8255533854166667,0.9104166666666667,
8,own_sensor,limb_loss_sensor_retained,43,with_message,64,62,11201,11285,80,-1.020407012036193,-0.948824403741042,-0.43641598490943395,0.05515274032950401,0.3341768980026245,0.53681640625,0.7684895833333333,0.87548828125,-0.34993390946055175
8,own_sensor,limb_loss_sensor_retained,43,with_message_shuffled,64,62,11201,11285,80,-1.020407012036193,-0.948824403741042,-0.4695455856450058,0.05515274032950401,0.32866370677948,0.5317057291666667,0.77060546875,0.8864583333333333,
8,own_sensor,sensor_failure_only,41,context_only,64,62,11201,11285,80,-1.07802570464807,-1.028598998122993,-0.9539302468238885,0.05,0.23322434723377228,0.6693359375,0.8741536458333333,0.9504231770833333,
8,own_sensor,sensor_failure_only,41,with_message,64,62,11201,11285,80,-1.0166519254351964,-0.9403282759207987,-0.8308291139629488,0.05609791353344917,0.2615019381046295,0.6181966145833333,0.8488932291666667,0.9381184895833333,-0.17759739390629115
8,own_sensor,sensor_failure_only,41,with_message_shuffled,64,62,11201,11285,80,-1.0166519254351964,-0.9403282759207987,-0.7917668761582465,0.05609791353344917,0.26975151896476746,0.6166015625,0.8486653645833333,0.9400065104166667,
8,own_sensor,sensor_failure_only,42,context_only,64,62,11201,11285,19,-0.6713575576099566,-0.7261755970593793,-0.14941464892620623,0.08609092980623245,0.4305795133113861,0.600390625,0.8120442708333333,0.9076822916666667,
8,own_sensor,sensor_failure_only,42,with_message,64,62,11201,11285,80,-1.0145431538222898,-0.9402893824833112,-0.8728649744148912,0.05610228329896927,0.2523244023323059,0.6418294270833333,0.8602864583333333,0.9455729166666667,1.0437181969120322
8,own_sensor,sensor_failure_only,42,with_message_shuffled,64,62,11201,11285,80,-1.0145431538222898,-0.9402893824833112,-0.8369467036125642,0.05610228329896927,0.2601879835128784,0.6407552083333333,0.8610026041666666,0.9433919270833333,
8,own_sensor,sensor_failure_only,43,context_only,64,62,11201,11285,80,-1.0854811539753157,-1.0415645352825316,-1.0406945593371397,0.05,0.21381571888923645,0.6831380208333333,0.8913411458333333,0.96083984375,
8,own_sensor,sensor_failure_only,43,with_message,64,62,11201,11285,80,-1.020407012036193,-0.948824403741042,-0.7473609428058636,0.05515274032950401,0.2781640887260437,0.60703125,0.8377604166666667,0.929296875,-0.4231909538956969
8,own_sensor,sensor_failure_only,43,with_message_shuffled,64,62,11201,11285,80,-1.020407012036193,-0.948824403741042,-0.7291147261658306,0.05515274032950401,0.2817586362361908,0.60517578125,0.83388671875,0.9289713541666667,
8,own_sensor,limb_loss_sensor_loss,41,context_only,64,62,11201,11285,80,-1.07802570464807,-1.028598998122993,-0.6429081706716059,0.05,0.2923966348171234,0.6220052083333333,0.8189127604166667,0.9077799479166667,
8,own_sensor,limb_loss_sensor_loss,41,with_message,64,62,11201,11285,80,-1.0166519254351964,-0.9403282759207987,-0.5376958014795307,0.05609791353344917,0.318231999874115,0.55390625,0.7874674479166667,0.8922200520833333,-0.15178936327358566
8,own_sensor,limb_loss_sensor_loss,41,with_message_shuffled,64,62,11201,11285,80,-1.0166519254351964,-0.9403282759207987,-0.4420703633464297,0.05609791353344917,0.33466458320617676,0.5331705729166667,0.77734375,0.8904296875,
8,own_sensor,limb_loss_sensor_loss,42,context_only,64,62,11201,11285,19,-0.6713575576099566,-0.7261755970593793,-0.023496238499945057,0.08609092980623245,0.4550599455833435,0.57275390625,0.7830403645833334,0.8863932291666666,
8,own_sensor,limb_loss_sensor_loss,42,with_message,64,62,11201,11285,80,-1.0145431538222898,-0.9402893824833112,-0.5005998676993191,0.05610228329896927,0.32471132278442383,0.545703125,0.7739583333333333,0.8850911458333334,0.6883150398360638
8,own_sensor,limb_loss_sensor_loss,42,with_message_shuffled,64,62,11201,11285,80,-1.0145431538222898,-0.9402893824833112,-0.47161769267854337,0.05610228329896927,0.32968074083328247,0.5356119791666667,0.775,0.8868815104166666,
8,own_sensor,limb_loss_sensor_loss,43,context_only,64,62,11201,11285,80,-1.0854811539753157,-1.0415645352825316,-0.6750704424685993,0.05,0.2868441641330719,0.6390299479166667,0.826953125,0.9094075520833333,
8,own_sensor,limb_loss_sensor_loss,43,with_message,64,62,11201,11285,80,-1.020407012036193,-0.948824403741042,-0.4170803997664733,0.05515274032950401,0.3373529613018036,0.5376953125,0.7655924479166667,0.8751627604166666,-0.372200955205089
8,own_sensor,limb_loss_sensor_loss,43,with_message_shuffled,64,62,11201,11285,80,-1.020407012036193,-0.948824403741042,-0.44678642333787716,0.05515274032950401,0.3324609398841858,0.53330078125,0.7703450520833334,0.8836263020833334,
8,own_sensor,limb_loss_sensor_loss_cc_dropout,41,context_only,64,62,11201,11285,80,-1.07802570464807,-1.028598998122993,-0.6164658146885892,0.05,0.29688388109207153,0.613671875,0.8144856770833333,0.9056966145833333,
8,own_sensor,limb_loss_sensor_loss_cc_dropout,41,with_message,64,62,11201,11285,80,-1.0166519254351964,-0.9403282759207987,-0.5171995758065556,0.05609791353344917,0.3218247890472412,0.5412434895833333,0.7745768229166666,0.8926432291666667,-0.14321091056280902
8,own_sensor,limb_loss_sensor_loss_cc_dropout,41,with_message_shuffled,64,62,11201,11285,80,-1.0166519254351964,-0.9403282759207987,-0.4227678909150523,0.05609791353344917,0.3378846347332001,0.5239908854166667,0.7707682291666667,0.8890950520833333,
8,own_sensor,limb_loss_sensor_loss_cc_dropout,42,context_only,64,62,11201,11285,19,-0.6713575576099566,-0.7261755970593793,0.000776364166079461,0.08609092980623245,0.4596290588378906,0.56201171875,0.7749674479166667,0.8841796875,
8,own_sensor,limb_loss_sensor_loss_cc_dropout,42,with_message,64,62,11201,11285,80,-1.0145431538222898,-0.9402893824833112,-0.4823501764448765,0.05610228329896927,0.32784926891326904,0.54130859375,0.7693359375,0.88466796875,0.6970042642612666
8,own_sensor,limb_loss_sensor_loss_cc_dropout,42,with_message_shuffled,64,62,11201,11285,80,-1.0145431538222898,-0.9402893824833112,-0.4499938111751039,0.05610228329896927,0.33334019780158997,0.53330078125,0.7742513020833334,0.8859375,
8,own_sensor,limb_loss_sensor_loss_cc_dropout,43,context_only,64,62,11201,11285,80,-1.0854811539753157,-1.0415645352825316,-0.6171984475423695,0.05,0.2967604696750641,0.6017252604166666,0.80703125,0.9037760416666667,
8,own_sensor,limb_loss_sensor_loss_cc_dropout,43,with_message,64,62,11201,11285,80,-1.020407012036193,-0.948824403741042,-0.3832127748760882,0.05515274032950401,0.3428451716899872,0.5162109375,0.7470377604166667,0.8735026041666667,-0.33756996959471236
8,own_sensor,limb_loss_sensor_loss_cc_dropout,43,with_message_shuffled,64,62,11201,11285,80,-1.020407012036193,-0.948824403741042,-0.41554420913348916,0.05515274032950401,0.33760401606559753,0.5182291666666666,0.7603515625,0.8796549479166667,
8,peer_sensor,intact,41,context_only,64,57,11201,11116,80,-0.886148731333512,-0.722338433166938,0.17127793895481616,0.08675416558980942,0.4917357563972473,0.4286997126436782,0.6464394755747126,0.7971443965517241,
8,peer_sensor,intact,41,with_message,64,57,11201,11116,33,-0.5131610590396279,-0.2623030780507737,0.23761463174713066,0.21770676970481873,0.6598315834999084,0.46479885057471265,0.6872306034482759,0.8259698275862069,-0.09570361772044676
8,peer_sensor,intact,41,with_message_shuffled,64,57,11201,11116,33,-0.5131610590396279,-0.2623030780507737,0.5769815416686841,0.21770676970481873,0.7636377811431885,0.36961206896551724,0.6170977011494253,0.7813622485632183,
8,peer_sensor,intact,42,context_only,64,57,11201,11116,80,-0.8400878604286846,-0.6339618990120602,0.34627074343200676,0.10352690517902374,0.5536134243011475,0.4606232040229885,0.6923715876436781,0.8277433548850575,
8,peer_sensor,intact,42,with_message,64,57,11201,11116,80,-0.7454303982871734,-0.488900991274032,0.7720511275368642,0.13837306201457977,0.6980950236320496,0.3955863864942529,0.6271776221264368,0.7494387571839081,-0.6142712486558759
8,peer_sensor,intact,42,with_message_shuffled,64,57,11201,11116,80,-0.7454303982871734,-0.488900991274032,0.4141896244784873,0.13837306201457977,0.6231371164321899,0.38604525862068967,0.6212284482758621,0.7757947198275862,
8,peer_sensor,intact,43,context_only,64,57,11201,11116,80,-0.9069560145406883,-0.7638391221671168,0.3440290426607466,0.07984419167041779,0.506712794303894,0.4069010416666667,0.6388963721264368,0.791015625,
8,peer_sensor,intact,43,with_message,64,57,11201,11116,32,-0.48062188855666055,-0.22884249711908095,0.43768582068376777,0.2327745258808136,0.7369369864463806,0.39491289511494254,0.645159841954023,0.7957525143678161,-0.13511816919945113
8,peer_sensor,intact,43,with_message_shuffled,64,57,11201,11116,32,-0.48062188855666055,-0.22884249711908095,0.6705877335273965,0.2327745258808136,0.807157576084137,0.33405172413793105,0.5878681752873564,0.7693292025862069,
8,peer_sensor,limb_slip_sensor_retained,41,context_only,64,57,11201,11116,80,-0.886148731333512,-0.722338433166938,0.6507125928291191,0.08675416558980942,0.5700789093971252,0.4319642857142857,0.6579166666666667,0.8011011904761904,
8,peer_sensor,limb_slip_sensor_retained,41,with_message,64,57,11201,11116,33,-0.5131610590396279,-0.2623030780507737,0.5354469107511299,0.21770676970481873,0.7517033815383911,0.4669940476190476,0.7043452380952381,0.8237797619047619,0.16629322791859882
8,peer_sensor,limb_slip_sensor_retained,41,with_message_shuffled,64,57,11201,11116,33,-0.5131610590396279,-0.2623030780507737,0.8878747155530278,0.21770676970481873,0.8476495146751404,0.3863690476190476,0.6368154761904762,0.7948511904761905,
8,peer_sensor,limb_slip_sensor_retained,42,context_only,64,57,11201,11116,80,-0.8400878604286846,-0.6339618990120602,1.0917109065999635,0.10352690517902374,0.67884761095047,0.4569940476190476,0.6862797619047619,0.809047619047619,
8,peer_sensor,limb_slip_sensor_retained,42,with_message,64,57,11201,11116,80,-0.7454303982871734,-0.488900991274032,1.124518434515042,0.13837306201457977,0.7647749185562134,0.3838095238095238,0.6149702380952381,0.7443154761904762,-0.04733125782691009
8,peer_sensor,limb_slip_sensor_retained,42,with_message_shuffled,64,57,11201,11116,80,-0.7454303982871734,-0.488900991274032,0.7722595481921296,0.13837306201457977,0.6981363296508789,0.3798511904761905,0.6183333333333333,0.7715773809523809,
8,peer_sensor,limb_slip_sensor_retained,43,context_only,64,57,11201,11116,80,-0.9069560145406883,-0.7638391221671168,1.0725697250792254,0.07984419167041779,0.6108169555664062,0.40157738095238094,0.6335714285714286,0.7781845238095239,
8,peer_sensor,limb_slip_sensor_retained,43,with_message,64,57,11201,11116,32,-0.48062188855666055,-0.22884249711908095,0.7524424253630025,0.2327745258808136,0.8304280042648315,0.4126488095238095,0.6735119047619048,0.8063690476190476,0.46184606775376963
8,peer_sensor,limb_slip_sensor_retained,43,with_message_shuffled,64,57,11201,11116,32,-0.48062188855666055,-0.22884249711908095,0.9833024700585273,0.2327745258808136,0.8927975296974182,0.36666666666666664,0.6261904761904762,0.7890178571428571,
8,peer_sensor,limb_loss_sensor_retained,41,context_only,64,57,11201,11116,80,-0.886148731333512,-0.722338433166938,0.7908420473025707,0.08675416558980942,0.5910190939903259,0.48072916666666665,0.7419270833333333,0.8392903645833333,
8,peer_sensor,limb_loss_sensor_retained,41,with_message,64,57,11201,11116,33,-0.5131610590396279,-0.2623030780507737,0.3197200250876056,0.21770676970481873,0.686387300491333,0.38857421875,0.6705729166666666,0.8603190104166667,0.6796854051031102
8,peer_sensor,limb_loss_sensor_retained,41,with_message_shuffled,64,57,11201,11116,33,-0.5131610590396279,-0.2623030780507737,0.6115543915443594,0.21770676970481873,0.7734314203262329,0.33522135416666665,0.5954752604166667,0.7952799479166667,
8,peer_sensor,limb_loss_sensor_retained,42,context_only,64,57,11201,11116,80,-0.8400878604286846,-0.6339618990120602,2.2907880737371697,0.10352690517902374,0.8420852422714233,0.5037109375,0.74384765625,0.8277669270833333,
8,peer_sensor,limb_loss_sensor_retained,42,with_message,64,57,11201,11116,80,-0.7454303982871734,-0.488900991274032,0.42091754275068544,0.13837306201457977,0.6246293187141418,0.45094401041666665,0.7250651041666667,0.8484049479166667,2.6976529421586135
8,peer_sensor,limb_loss_sensor_retained,42,with_message_shuffled,64,57,11201,11116,80,-0.7454303982871734,-0.488900991274032,0.41438091914914355,0.13837306201457977,0.6231796145439148,0.4412760416666667,0.7267903645833333,0.8543294270833334,
8,peer_sensor,limb_loss_sensor_retained,43,context_only,64,57,11201,11116,80,-0.9069560145406883,-0.7638391221671168,2.176481704900476,0.07984419167041779,0.7412012219429016,0.44947916666666665,0.6942057291666667,0.804296875,
8,peer_sensor,limb_loss_sensor_retained,43,with_message,64,57,11201,11116,32,-0.48062188855666055,-0.22884249711908095,0.6473600440349024,0.2327745258808136,0.8004310131072998,0.42994791666666665,0.7165690104166667,0.8498697916666667,2.2060562370466585
8,peer_sensor,limb_loss_sensor_retained,43,with_message_shuffled,64,57,11201,11116,32,-0.48062188855666055,-0.22884249711908095,0.8658583507418715,0.2327745258808136,0.8616330623626709,0.3860677083333333,0.6752604166666667,0.8398111979166667,
8,peer_sensor,sensor_failure_only,41,context_only,64,57,11201,11116,80,-0.886148731333512,-0.722338433166938,-0.3693667007426907,0.08675416558980942,0.38470467925071716,0.4853515625,0.7690755208333333,0.8966145833333333,
8,peer_sensor,sensor_failure_only,41,with_message,64,57,11201,11116,33,-0.5131610590396279,-0.2623030780507737,-0.043726406768023536,0.21770676970481873,0.5593550205230713,0.47099609375,0.73037109375,0.92275390625,-0.4697996372308765
8,peer_sensor,sensor_failure_only,41,with_message_shuffled,64,57,11201,11116,33,-0.5131610590396279,-0.2623030780507737,0.07144206624909526,0.21770676970481873,0.6025146842002869,0.4025065104166667,0.6864908854166667,0.8905598958333333,
8,peer_sensor,sensor_failure_only,42,context_only,64,57,11201,11116,80,-0.8400878604286846,-0.6339618990120602,-0.2638816309766787,0.10352690517902374,0.4244448244571686,0.49222005208333336,0.7790690104166667,0.8962565104166667,
8,peer_sensor,sensor_failure_only,42,with_message,64,57,11201,11116,80,-0.7454303982871734,-0.488900991274032,-0.1033209645452303,0.13837306201457977,0.4950563609600067,0.4569010416666667,0.7088216145833334,0.85087890625,-0.23164007722247767
8,peer_sensor,sensor_failure_only,42,with_message_shuffled,64,57,11201,11116,80,-0.7454303982871734,-0.488900991274032,-0.21222503473030088,0.13837306201457977,0.4636184275150299,0.46927083333333336,0.7401692708333333,0.9003255208333333,
8,peer_sensor,sensor_failure_only,43,context_only,64,57,11201,11116,80,-0.9069560145406883,-0.7638391221671168,-0.2535007918981646,0.07984419167041779,0.4016706347465515,0.44309895833333335,0.7198567708333333,0.8716145833333333,
8,peer_sensor,sensor_failure_only,43,with_message,64,57,11201,11116,32,-0.48062188855666055,-0.22884249711908095,0.032191616166185384,0.2327745258808136,0.595229983329773,0.43948567708333336,0.7140950520833333,0.9013346354166667,-0.4121670203340638
8,peer_sensor,sensor_failure_only,43,with_message_shuffled,64,57,11201,11116,32,-0.48062188855666055,-0.22884249711908095,0.09616920611600023,0.2327745258808136,0.6197446584701538,0.39557291666666666,0.68984375,0.90009765625,
8,peer_sensor,limb_loss_sensor_loss,41,context_only,64,57,11201,11116,80,-0.886148731333512,-0.722338433166938,0.7891320230248233,0.08675416558980942,0.5907679796218872,0.4876627604166667,0.7465169270833333,0.8396158854166667,
8,peer_sensor,limb_loss_sensor_loss,41,with_message,64,57,11201,11116,33,-0.5131610590396279,-0.2623030780507737,0.3213349275808824,0.21770676970481873,0.6868993043899536,0.39869791666666665,0.6746744791666667,0.8606119791666667,0.6748885497392347
8,peer_sensor,limb_loss_sensor_loss,41,with_message_shuffled,64,57,11201,11116,33,-0.5131610590396279,-0.2623030780507737,0.6072881157072754,0.21770676970481873,0.7722295522689819,0.34270833333333334,0.60126953125,0.7951822916666667,
8,peer_sensor,limb_loss_sensor_loss,42,context_only,64,57,11201,11116,80,-0.8400878604286846,-0.6339618990120602,2.2797943462533024,0.10352690517902374,0.8407325744628906,0.508984375,0.7458658854166667,0.82939453125,
8,peer_sensor,limb_loss_sensor_loss,42,with_message,64,57,11201,11116,80,-0.7454303982871734,-0.488900991274032,0.41941698683518336,0.13837306201457977,0.6242968440055847,0.45660807291666666,0.7275390625,0.8465169270833334,2.683957190614625
8,peer_sensor,limb_loss_sensor_loss,42,with_message_shuffled,64,57,11201,11116,80,-0.7454303982871734,-0.488900991274032,0.41544773314182376,0.13837306201457977,0.6234164237976074,0.44996744791666665,0.7303385416666667,0.8535807291666667,
8,peer_sensor,limb_loss_sensor_loss,43,context_only,64,57,11201,11116,80,-0.9069560145406883,-0.7638391221671168,2.1616886709548586,0.07984419167041779,0.7396059632301331,0.45582682291666665,0.6931315104166667,0.80556640625,
8,peer_sensor,limb_loss_sensor_loss,43,with_message,64,57,11201,11116,32,-0.48062188855666055,-0.22884249711908095,0.6501951837000752,0.2327745258808136,0.8012550473213196,0.43356119791666664,0.7187825520833333,0.8494140625,2.180624158398442
8,peer_sensor,limb_loss_sensor_loss,43,with_message_shuffled,64,57,11201,11116,32,-0.48062188855666055,-0.22884249711908095,0.8654656908773657,0.2327745258808136,0.8615269660949707,0.38938802083333335,0.6790690104166667,0.84013671875,
8,peer_sensor,limb_loss_sensor_loss_cc_dropout,41,context_only,64,57,11201,11116,80,-0.886148731333512,-0.722338433166938,0.9207585984916541,0.08675416558980942,0.609791100025177,0.4720377604166667,0.7305989583333333,0.8326822916666666,
8,peer_sensor,limb_loss_sensor_loss_cc_dropout,41,with_message,64,57,11201,11116,33,-0.5131610590396279,-0.2623030780507737,0.47036229319223627,0.21770676970481873,0.7326112389564514,0.36712239583333334,0.6623372395833333,0.84609375,0.6497845160901816
8,peer_sensor,limb_loss_sensor_loss_cc_dropout,41,with_message_shuffled,64,57,11201,11116,33,-0.5131610590396279,-0.2623030780507737,0.7652348085685233,0.21770676970481873,0.8155431747436523,0.31468098958333335,0.5771809895833333,0.7867838541666666,
8,peer_sensor,limb_loss_sensor_loss_cc_dropout,42,context_only,64,57,11201,11116,80,-0.8400878604286846,-0.6339618990120602,2.3002686634026093,0.10352690517902374,0.843250036239624,0.5000325520833333,0.7236328125,0.8225260416666667,
8,peer_sensor,limb_loss_sensor_loss_cc_dropout,42,with_message,64,57,11201,11116,80,-0.7454303982871734,-0.488900991274032,0.4091658713269097,0.13837306201457977,0.6220205426216125,0.45504557291666664,0.73017578125,0.8490234375,2.728284619938884
8,peer_sensor,limb_loss_sensor_loss_cc_dropout,42,with_message_shuffled,64,57,11201,11116,80,-0.7454303982871734,-0.488900991274032,0.41466788984956005,0.13837306201457977,0.6232433319091797,0.4365234375,0.7245442708333333,0.8546875,
8,peer_sensor,limb_loss_sensor_loss_cc_dropout,43,context_only,64,57,11201,11116,80,-0.9069560145406883,-0.7638391221671168,2.18704177066107,0.07984419167041779,0.7423378825187683,0.45335286458333335,0.6846028645833333,0.7930013020833333,
8,peer_sensor,limb_loss_sensor_loss_cc_dropout,43,with_message,64,57,11201,11116,32,-0.48062188855666055,-0.22884249711908095,0.7824704599421755,0.2327745258808136,0.8388028740882874,0.39990234375,0.7022135416666667,0.84072265625,2.0263680645490605
8,peer_sensor,limb_loss_sensor_loss_cc_dropout,43,with_message_shuffled,64,57,11201,11116,32,-0.48062188855666055,-0.22884249711908095,1.000008632115507,0.2327745258808136,0.8971427083015442,0.361328125,0.6630859375,0.8359049479166667,
