regime,seed,task,scenario,rms_path_error,late_path_error,late_heading_error,post_event_path_integral
capacity,9101,straight,CC dropout only,0.3570236033735251,0.4002679928349517,0.05015856138093917,2.2877190630062145
capacity,9101,straight,CC intermittent only,0.4036684345010447,0.4980459054265912,0.04432605734366553,2.7601801456734147
capacity,9101,straight,L4 loss only,1.1060221048303251,1.727705307494967,0.48467765794847234,9.143899201960947
capacity,9101,straight,L4 loss + CC dropout,1.3002015204443864,2.0242825825557307,0.8424859830348275,9.530311144470122
capacity,9101,straight,L4 slip only,0.5090551952590033,0.6913500252368308,0.06262605333999242,4.719577263500272
capacity,9101,straight,L4 slip + CC dropout,0.5825742328602201,0.8304011120685676,0.20609942971960143,4.274964457926511
capacity,9101,s_lr,CC dropout only,0.5637394574320418,0.5906958718371621,0.01987993135908541,4.018814282533678
capacity,9101,s_lr,CC intermittent only,0.6312705607146042,0.7205761953292381,0.007843352118945005,4.680592325533553
capacity,9101,s_lr,L4 loss only,1.0565587551667381,1.5463079374553084,0.2619889405965802,9.586767011247979
capacity,9101,s_lr,L4 loss + CC dropout,1.2950175340348855,1.962973751255938,0.7104653279726805,10.108238253733596
capacity,9101,s_lr,L4 slip only,0.6529575453635312,0.7290947255795581,0.060962004778562576,6.199366088715828
capacity,9101,s_lr,L4 slip + CC dropout,0.7606838894260015,0.9997473894337234,0.17143691924694077,5.903817256833872
capacity,9101,s_rl,CC dropout only,0.31466207427766785,0.2808204683647287,0.09392002975253584,1.728578521859153
capacity,9101,s_rl,CC intermittent only,0.32968443561419886,0.3322546709939537,0.09902597954960991,1.8647759033377285
capacity,9101,s_rl,L4 loss only,1.2203689415514978,1.8978956097567476,0.725898679431135,9.420514162970601
capacity,9101,s_rl,L4 loss + CC dropout,1.3589349774488302,2.0943927314785453,1.0092232778632575,9.498398987027787
capacity,9101,s_rl,L4 slip only,0.5003785452279458,0.6803937946636399,0.19228779742744948,4.197991372787638
capacity,9101,s_rl,L4 slip + CC dropout,0.5155641365752305,0.7013349947441285,0.25804997011113334,3.4013344475731753
capacity,9101,sine,CC dropout only,0.44650260024792,0.4836002921058869,0.017486685211782087,2.6600876588471127
capacity,9101,sine,CC intermittent only,0.5828305517361909,0.7660643571755564,0.03612293236536946,4.016164534000949
capacity,9101,sine,L4 loss only,1.1538390035362718,1.7928059758973354,0.4472076954230701,9.71444888530469
capacity,9101,sine,L4 loss + CC dropout,1.3473123686322126,2.0954730728368087,0.8050112393939648,9.798771690980226
capacity,9101,sine,L4 slip only,0.5631750994037716,0.725282781125172,0.049936001444894504,5.331451635730719
capacity,9101,sine,L4 slip + CC dropout,0.6289266399940452,0.8633809558100886,0.1508312916985384,4.395052413575349
capacity,9101,chirp,CC dropout only,0.5654251688691976,0.6416432748314367,0.02264922853249359,3.7991907698171183
capacity,9101,chirp,CC intermittent only,0.6981267804148074,0.9033233501542661,0.027680470208946827,5.072708126064218
capacity,9101,chirp,L4 loss only,1.1117306708678711,1.6773416248934019,0.35553050196779445,9.824454170331634
capacity,9101,chirp,L4 loss + CC dropout,1.317436890216552,2.012562053205596,0.7394007242692099,9.797787218833072
capacity,9101,chirp,L4 slip only,0.6558532157798231,0.8085975638921937,0.04337817441515202,6.41557087806423
capacity,9101,chirp,L4 slip + CC dropout,0.7473347569781185,1.0086759186233016,0.1515208206217456,5.4787980854253
capacity,9102,straight,CC dropout only,0.31852286582236367,0.32758582885271165,0.10146230939475873,1.7757062173403562
capacity,9102,straight,CC intermittent only,0.3060301477441401,0.2968518334979535,0.08466512164393872,1.6418518455168583
capacity,9102,straight,L4 loss only,0.6759492069942408,0.9930054091165313,0.2404568139347992,5.745121313232417
capacity,9102,straight,L4 loss + CC dropout,0.7318786723001739,1.08421874816642,0.38106330204464395,5.361831522581323
capacity,9102,straight,L4 slip only,0.31667519207550077,0.27215672283214953,0.008329469643897757,2.6167609658504
capacity,9102,straight,L4 slip + CC dropout,0.31712260936722986,0.27389190279510356,0.023551098985363915,1.7060352188531576
capacity,9102,s_lr,CC dropout only,0.4835598390210355,0.49919456833227754,0.08679840821138343,3.3523657285596133
capacity,9102,s_lr,CC intermittent only,0.5021599033694704,0.5224991629275899,0.11067084570144407,3.5067779615069905
capacity,9102,s_lr,L4 loss only,0.9249016007266387,1.358509316108751,0.12113877517790902,8.2925138541385
capacity,9102,s_lr,L4 loss + CC dropout,1.1004413632174312,1.6763937914529479,0.4155808527062227,8.640075535217408
capacity,9102,s_lr,L4 slip only,0.5713096608667501,0.6430663420802801,0.12339464812515026,5.284706035435704
capacity,9102,s_lr,L4 slip + CC dropout,0.6640398911965641,0.8808721094752221,0.05335698986432498,5.120137933226848
capacity,9102,s_rl,CC dropout only,0.6554759792520574,0.8965802143914594,0.09506390352183938,5.051428197370099
capacity,9102,s_rl,CC intermittent only,0.6545996753228135,0.8898499805273115,0.049073453599836094,5.055173419616349
capacity,9102,s_rl,L4 loss only,0.5987584940705099,0.7626335632507326,0.37924142540994377,5.202546821582655
capacity,9102,s_rl,L4 loss + CC dropout,0.5873325300709608,0.7419568347876994,0.39700311706225533,4.209029861231257
capacity,9102,s_rl,L4 slip only,0.42308303915132234,0.3121046118142176,0.14495634536534485,3.572508010984787
capacity,9102,s_rl,L4 slip + CC dropout,0.4678320133435655,0.49092807217234463,0.055288083863471615,3.189763653387003
capacity,9102,sine,CC dropout only,0.3913571360641995,0.2738712791248964,0.07005517894655452,1.789382818453987
capacity,9102,sine,CC intermittent only,0.4792901706577444,0.49696274876668695,0.04939852602549888,2.8878860216603996
capacity,9102,sine,L4 loss only,0.9447839024199183,1.4032373999242176,0.19337954235830285,8.360097313922003
capacity,9102,sine,L4 loss + CC dropout,1.0549386215480003,1.594437766979335,0.42502266508378117,7.88095496450001
capacity,9102,sine,L4 slip only,0.522823218300951,0.5840893303796152,0.04168615687414442,4.9367493133803455
capacity,9102,sine,L4 slip + CC dropout,0.5571775511536261,0.6707878723533378,0.055776159852803084,3.6892581110703677
capacity,9102,chirp,CC dropout only,0.5551178025980015,0.624168770871408,0.02963261764633198,3.735107902282237
capacity,9102,chirp,CC intermittent only,0.6615538716018592,0.8330838536369469,0.0322449303240402,4.772095940187121
capacity,9102,chirp,L4 loss only,1.0995669168997246,1.6408865191826945,0.18396177443891298,9.89960623618815
capacity,9102,chirp,L4 loss + CC dropout,1.2576979943580355,1.9142608883261722,0.4747299315046513,9.617902215705504
capacity,9102,chirp,L4 slip only,0.6745547716554519,0.8414824470689547,0.060135001327155414,6.561670407175072
capacity,9102,chirp,L4 slip + CC dropout,0.7536374445494128,1.0156478784154284,0.10149594002444781,5.576931736483591
capacity,9103,straight,CC dropout only,0.43023348129867817,0.2491311649739288,0.061072658379229885,1.8678371839259187
capacity,9103,straight,CC intermittent only,0.4540240246326273,0.3379607578851037,0.05123993245530549,2.286491482178467
capacity,9103,straight,L4 loss only,0.5518918268685623,0.5989445111304167,0.01455303498438416,4.560390209306752
capacity,9103,straight,L4 loss + CC dropout,0.5653975894671719,0.6349392970232947,0.0869237596272237,3.635409150466576
capacity,9103,straight,L4 slip only,0.4516326392321203,0.3149558908507437,0.07254679716115905,3.6460673011641647
capacity,9103,straight,L4 slip + CC dropout,0.4524153415667382,0.3215083604108427,0.037124474270809435,2.217946861464654
capacity,9103,s_lr,CC dropout only,0.5486605369485587,0.4116673427066614,0.04930454782647091,3.1314990272003844
capacity,9103,s_lr,CC intermittent only,0.604106947016364,0.5419272623613892,0.056551244963912374,3.8041518381702346
capacity,9103,s_lr,L4 loss only,0.6444103219041255,0.6031742077296586,0.11028533917635323,5.457561279458408
capacity,9103,s_lr,L4 loss + CC dropout,0.6817587789030862,0.7297662859327517,0.035872474970939906,4.691764553410886
capacity,9103,s_lr,L4 slip only,0.5704044764443764,0.4311202385598672,0.12961669312389995,4.928310225612558
capacity,9103,s_lr,L4 slip + CC dropout,0.5874016227180988,0.5097635148041271,0.02426239248467809,3.6117023392191885
capacity,9103,s_rl,CC dropout only,0.42501907906324815,0.16547081157174365,0.051561897924256715,1.5665614368922822
capacity,9103,s_rl,CC intermittent only,0.4185941228864077,0.2165804385774809,0.02805383949175355,1.6957688172373755
capacity,9103,s_rl,L4 loss only,0.5603326957186069,0.6306645312079892,0.15295041916571261,4.600561112049968
capacity,9103,s_rl,L4 loss + CC dropout,0.5566736419326659,0.6215652946286825,0.1637187377387201,3.5453565562168188
capacity,9103,s_rl,L4 slip only,0.43226666939066516,0.2194146040500864,0.00958198038967964,3.25364903795986
capacity,9103,s_rl,L4 slip + CC dropout,0.4325964164203959,0.2119254609040952,0.02780445146417601,1.7800132256957568
capacity,9103,sine,CC dropout only,0.46090880946028717,0.3382999509185144,0.06562456591191028,2.2046243569386808
capacity,9103,sine,CC intermittent only,0.5332557191653525,0.5479038710158474,0.04793975062725623,3.167796457419432
capacity,9103,sine,L4 loss only,0.5563185140007391,0.6286814489208888,0.04314430352607094,4.591922344297809
capacity,9103,sine,L4 loss + CC dropout,0.5767004453439345,0.6816082482557595,0.08388579953077377,3.6718128057359944
capacity,9103,sine,L4 slip only,0.4631142797458197,0.34743312815625116,0.09641097025009752,3.833321166398459
capacity,9103,sine,L4 slip + CC dropout,0.47168926055954724,0.3836337630882221,0.046313605461984396,2.3982523652606185
capacity,9103,chirp,CC dropout only,0.5531692017109179,0.5086143052736962,0.05223517547948705,3.2283437810118105
capacity,9103,chirp,CC intermittent only,0.640386662802299,0.7117767964410371,0.044410116029112635,4.2095819679081
capacity,9103,chirp,L4 loss only,0.5881999956107589,0.6196444408612004,0.0428529452073025,4.991752414444289
capacity,9103,chirp,L4 loss + CC dropout,0.6188474226345589,0.7032638784900864,0.061302311935344675,4.014134592656276
capacity,9103,chirp,L4 slip only,0.550306489009404,0.4749809838496991,0.11895002087086852,4.902843791633636
capacity,9103,chirp,L4 slip + CC dropout,0.5750242755540151,0.5641808351015751,0.03406343111917811,3.487036633010145
capacity,9104,straight,CC dropout only,0.6229013881794527,0.764149323420519,0.026999040737028614,4.363574397542876
capacity,9104,straight,CC intermittent only,0.6274744764265826,0.7717286869705438,0.02158054095396858,4.406594507006405
capacity,9104,straight,L4 loss only,2.2076563784425844,3.476520545949583,1.1380154680698171,18.459704440704
capacity,9104,straight,L4 loss + CC dropout,2.430208433630869,3.8226929317886826,1.6894029078073973,18.316817743124776
capacity,9104,straight,L4 slip only,0.9245019190649739,1.3057069237022434,0.13766066582491918,8.75876454878843
capacity,9104,straight,L4 slip + CC dropout,0.9866053944431392,1.4200097102510425,0.33361877724183714,7.453583832569375
capacity,9104,s_lr,CC dropout only,0.6088614709890409,0.7007626483778069,0.026565085676289873,4.261045497738438
capacity,9104,s_lr,CC intermittent only,0.5961506355303591,0.6785890823905316,0.07070747742092647,4.140909214872511
capacity,9104,s_lr,L4 loss only,2.2864128448895897,3.5968907872276943,0.9954884622393418,19.44477857589069
capacity,9104,s_lr,L4 loss + CC dropout,2.5466721061919193,4.0189471285913285,1.5901010904387882,19.56791402660495
capacity,9104,s_lr,L4 slip only,0.9600326415325184,1.2998437247434282,0.08659004998643594,9.238713208554913
capacity,9104,s_lr,L4 slip + CC dropout,1.112272425416128,1.6059656415148182,0.2939951771425987,8.646384574257397
capacity,9104,s_rl,CC dropout only,0.7488010263699392,0.8595031302044525,0.07172265155778987,5.414984638278602
capacity,9104,s_rl,CC intermittent only,0.788850994576259,0.9229668906312603,0.10778917069221708,5.7818834700584105
capacity,9104,s_rl,L4 loss only,2.1366482219658294,3.3370006950365037,1.3198261431226495,18.008277262104013
capacity,9104,s_rl,L4 loss + CC dropout,2.2985636278908386,3.581591393317493,1.7898724447185521,17.356373366667537
capacity,9104,s_rl,L4 slip only,0.953588040511606,1.2955425834424645,0.34999583409248103,9.139895824716122
capacity,9104,s_rl,L4 slip + CC dropout,0.9424553184159994,1.2719413094150969,0.3811571876090776,7.158952093674557
capacity,9104,sine,CC dropout only,0.5689738242385521,0.6596025853375549,0.04498525906466349,3.8009972749783723
capacity,9104,sine,CC intermittent only,0.5955027291860253,0.7143294100318804,0.04621333941409526,4.0517753293119885
capacity,9104,sine,L4 loss only,2.1032958336758734,3.3237129719166996,1.0870032951129656,17.466318932238607
capacity,9104,sine,L4 loss + CC dropout,2.325372815550551,3.6645601446210336,1.6235256743289193,17.388826902489207
capacity,9104,sine,L4 slip only,0.8662415496346362,1.211892330569181,0.09368830594313338,8.230120452194186
capacity,9104,sine,L4 slip + CC dropout,0.9274675254010044,1.3294177417700126,0.2671270925906407,6.942292829646397
capacity,9104,chirp,CC dropout only,0.617673959697823,0.7353584333696144,0.03533495976832022,4.238441748312462
capacity,9104,chirp,CC intermittent only,0.6630557853139988,0.8238389680702489,0.03527869967453168,4.682948889211767
capacity,9104,chirp,L4 loss only,2.170790477789184,3.420258792371885,1.0376672880514075,18.24953155288183
capacity,9104,chirp,L4 loss + CC dropout,2.413661797769175,3.8029349670587678,1.612942834039424,18.197236896498033
capacity,9104,chirp,L4 slip only,0.9548682625457925,1.3287009471063314,0.042133310291214365,9.166725362247172
capacity,9104,chirp,L4 slip + CC dropout,1.0730135750138685,1.5554650087210256,0.2885358826180022,8.158681683157065
capacity,9105,straight,CC dropout only,0.48173979711445053,0.5338766973728983,0.017296175743856293,3.131182388835037
capacity,9105,straight,CC intermittent only,0.4817282471868217,0.5335510326196291,0.015032027287578919,3.1305987241538618
capacity,9105,straight,L4 loss only,1.3634140125196257,2.107871216940583,0.48302638842351187,11.693312590095667
capacity,9105,straight,L4 loss + CC dropout,1.443438000655344,2.2358253660150074,0.6979797561202306,11.03363335413423
capacity,9105,straight,L4 slip only,0.6519083324031406,0.8520917715202458,0.08210587565161738,6.168983341998165
capacity,9105,straight,L4 slip + CC dropout,0.6741003580193498,0.898030841377695,0.14699391515119467,4.906494606196852
capacity,9105,s_lr,CC dropout only,0.6520746956768464,0.7910534876983659,0.01803874569028991,4.7884379462127615
capacity,9105,s_lr,CC intermittent only,0.6604500784184189,0.7967007613948061,0.04447493836425171,4.855146904822082
capacity,9105,s_lr,L4 loss only,1.3400244046091738,2.0236175585495255,0.27693058345801486,11.900461036464089
capacity,9105,s_lr,L4 loss + CC dropout,1.4788063647046632,2.265187802289965,0.585740603601568,11.598276250296342
capacity,9105,s_lr,L4 slip only,0.7859849693622276,0.9987264172011475,0.07303028388180226,7.539351765612276
capacity,9105,s_lr,L4 slip + CC dropout,0.8883596501880021,1.225338609257839,0.13350958697857535,6.869160839639438
capacity,9105,s_rl,CC dropout only,0.6133562000807639,0.6780966929032143,0.033366576797148426,4.320484272975074
capacity,9105,s_rl,CC intermittent only,0.621859679988618,0.6915802905745548,0.058976958720125025,4.4001444499264295
capacity,9105,s_rl,L4 loss only,1.4254208114345304,2.1829137882514487,0.6982123666452723,12.397396954224021
capacity,9105,s_rl,L4 loss + CC dropout,1.4442156399532091,2.210018053520744,0.8073117942026162,11.22288717261588
capacity,9105,s_rl,L4 slip only,0.6678441348203137,0.7828455651201328,0.22606841082269974,6.391122238105176
capacity,9105,s_rl,L4 slip + CC dropout,0.6592050235370017,0.7610531321846257,0.15249319746181594,4.746214127266713
capacity,9105,sine,CC dropout only,0.5449881406672532,0.6198869364777577,0.03392687680836134,3.520524084769005
capacity,9105,sine,CC intermittent only,0.6272250541618585,0.7829543722078955,0.04977666849474772,4.3125636944230745
capacity,9105,sine,L4 loss only,1.3935435717854345,2.16434869585873,0.4623217659588542,11.994620359443237
capacity,9105,sine,L4 loss + CC dropout,1.495671764291989,2.3299145045625047,0.7005202966169088,11.34343771421065
capacity,9105,sine,L4 slip only,0.6887912128843382,0.896899142869122,0.0604262704628318,6.593129138544892
capacity,9105,sine,L4 slip + CC dropout,0.7369485708960285,0.9975882259078311,0.13484554838862517,5.320892458522699
capacity,9105,chirp,CC dropout only,0.7054988161427941,0.8913092797899473,0.03794882037158455,5.068774402674664
capacity,9105,chirp,CC intermittent only,0.7871275547783448,1.0392297784792321,0.03636067361099077,5.815723988875449
capacity,9105,chirp,L4 loss only,1.3908362402858927,2.133031220458272,0.38593483270183054,12.178909267156257
capacity,9105,chirp,L4 loss + CC dropout,1.5122325209361196,2.3344003052280047,0.6597245774816123,11.540144970654035
capacity,9105,chirp,L4 slip only,0.8191447123667188,1.0810274123422132,0.03557368505403026,7.939619564503795
capacity,9105,chirp,L4 slip + CC dropout,0.91234180708717,1.2728547020393766,0.158825353328126,6.874491562437351
capacity,9106,straight,CC dropout only,0.45817088254991306,0.4275353193244419,0.07923887333737231,2.603250388904542
capacity,9106,straight,CC intermittent only,0.44889006610890914,0.3994918682055283,0.06439331267917409,2.4860200770493988
capacity,9106,straight,L4 loss only,0.892861866536767,1.2922390454960593,0.29801332648336587,7.695601988566245
capacity,9106,straight,L4 loss + CC dropout,0.965832627250041,1.4128637630536116,0.49969758168054346,7.070351941410997
capacity,9106,straight,L4 slip only,0.5443899843187741,0.6039190721830279,0.03110610978145169,4.974256568464764
capacity,9106,straight,L4 slip + CC dropout,0.5532188958017606,0.626313733544957,0.09253060171424521,3.606296644078468
capacity,9106,s_lr,CC dropout only,0.5811677632234377,0.6093094252127503,0.07564435220683721,3.9699974707560317
capacity,9106,s_lr,CC intermittent only,0.6257708293145573,0.6835265527496163,0.11072000097892012,4.394161610717048
capacity,9106,s_lr,L4 loss only,0.9779744779908286,1.419048056772867,0.149402155833618,8.64241976940084
capacity,9106,s_lr,L4 loss + CC dropout,1.1231169863352488,1.6785615611765277,0.4821938570696066,8.665967770600975
capacity,9106,s_lr,L4 slip only,0.692960514190845,0.820328372690615,0.13995237781617315,6.434148116329059
capacity,9106,s_lr,L4 slip + CC dropout,0.7792738974213107,1.0314497051893363,0.09572619406168342,5.913185662118725
capacity,9106,s_rl,CC dropout only,0.6737383149573524,0.6883456533800986,0.046563587802698814,4.515106495364028
capacity,9106,s_rl,CC intermittent only,0.6609345687482562,0.651103235068441,0.027477041615254293,4.363214079284916
capacity,9106,s_rl,L4 loss only,0.962730959839283,1.2797233331619118,0.42493394459353323,8.632212695159529
capacity,9106,s_rl,L4 loss + CC dropout,0.9882040351456212,1.321834786055438,0.5455009781248329,7.264321268743753
capacity,9106,s_rl,L4 slip only,0.6259407095129973,0.5220607042357097,0.1789186788700083,5.730305366740458
capacity,9106,s_rl,L4 slip + CC dropout,0.6238770922533197,0.5092539713816293,0.12436203286767067,3.771772154290268
capacity,9106,sine,CC dropout only,0.45528835733156053,0.3414699556636383,0.09371240987460246,2.3244795914610914
capacity,9106,sine,CC intermittent only,0.5580709491255634,0.5991924393457114,0.0658699516110609,3.533832856629674
capacity,9106,sine,L4 loss only,1.0135196696365476,1.4931409039929888,0.2168843676305973,8.970668438635016
capacity,9106,sine,L4 loss + CC dropout,1.130692265130353,1.6967140402206158,0.48822591859596154,8.433191846910354
capacity,9106,sine,L4 slip only,0.6006907111070503,0.6857273676892935,0.06098916288204269,5.728233029565485
capacity,9106,sine,L4 slip + CC dropout,0.6403936055530666,0.7812185853021626,0.07633166298491559,4.374230211948357
capacity,9106,chirp,CC dropout only,0.5832708723853905,0.6059432305459819,0.06468657982326768,3.785166110184467
capacity,9106,chirp,CC intermittent only,0.7235113698716803,0.8930156955358399,0.0609282546225657,5.186578325147217
capacity,9106,chirp,L4 loss only,1.0901397252140421,1.608558658761671,0.1836376508507538,9.777497280340569
capacity,9106,chirp,L4 loss + CC dropout,1.2536999964906477,1.8907717962260464,0.5092348938061242,9.49486801582691
capacity,9106,chirp,L4 slip only,0.7102139954821607,0.8614177930016342,0.0968513315074584,6.842139108888384
capacity,9106,chirp,L4 slip + CC dropout,0.797771213041872,1.0594945415463335,0.10133067874194097,5.867734549962329
sensor_comm,9101,straight,CC dropout only,0.3718123508464906,0.4096030565284968,0.10225847046868601,2.2659806764683914
sensor_comm,9101,straight,CC intermittent only,0.37465990005033806,0.4137522021384788,0.088346929298797,2.3018567317412177
sensor_comm,9101,straight,L4 loss only,0.895292420601173,1.3517532689532423,0.24269144379183594,7.718233272884463
sensor_comm,9101,straight,L4 loss + CC dropout,0.9062483550934665,1.3677518956135462,0.3659826737924761,6.916489878395693
sensor_comm,9101,straight,L4 slip only,0.3981363689292957,0.42382177409269917,0.0039208238411575875,3.5666544979063164
sensor_comm,9101,straight,L4 slip + CC dropout,0.4033881469507743,0.43777818813071256,0.013434109311183356,2.566044307589406
sensor_comm,9101,s_lr,CC dropout only,0.4651547768754331,0.3897467686753967,0.11867617986135945,2.9054633353594204
sensor_comm,9101,s_lr,CC intermittent only,0.4647118187944776,0.3914271275267814,0.12102748802403437,2.905755508921835
sensor_comm,9101,s_lr,L4 loss only,0.9748290833580394,1.34713468265929,0.0667169900540884,8.964543370952631
sensor_comm,9101,s_lr,L4 loss + CC dropout,1.0194301541497117,1.4370157592951114,0.2907620879575536,8.060091908653204
sensor_comm,9101,s_lr,L4 slip only,0.5692418843428101,0.5676819701136038,0.09073628041930593,5.3383384885063085
sensor_comm,9101,s_lr,L4 slip + CC dropout,0.5540203039204942,0.5190425669716064,0.026605872390879665,3.6990153846132707
sensor_comm,9101,s_rl,CC dropout only,0.48986765867966714,0.5655080455996518,0.10465668279788391,3.4992554835736165
sensor_comm,9101,s_rl,CC intermittent only,0.5078843754954308,0.5943463424158768,0.07318833231410486,3.6702350868279896
sensor_comm,9101,s_rl,L4 loss only,0.8510287863641663,1.2703643334794832,0.438294500801092,7.259563232046621
sensor_comm,9101,s_rl,L4 loss + CC dropout,0.8372882927743214,1.2498110728334937,0.4252843340607903,6.39560508472149
sensor_comm,9101,s_rl,L4 slip only,0.40038996922295433,0.30395196529001434,0.09525464913677258,3.39604497128415
sensor_comm,9101,s_rl,L4 slip + CC dropout,0.4440212520315444,0.45825571820543115,0.0157501198343414,2.9934477804955275
sensor_comm,9101,sine,CC dropout only,0.45394678184380466,0.4460914968776549,0.13048394782136358,2.475663706469504
sensor_comm,9101,sine,CC intermittent only,0.4269830603852863,0.3833950031066129,0.10310851464195041,2.1644483802459287
sensor_comm,9101,sine,L4 loss only,0.988835972287573,1.4883720159512337,0.2164785809368121,8.59616090634778
sensor_comm,9101,sine,L4 loss + CC dropout,1.000088667355581,1.5071212014349222,0.33781695005358925,7.498895482862169
sensor_comm,9101,sine,L4 slip only,0.5145464833409154,0.5676352770541078,0.0442926960254603,4.714646108706915
sensor_comm,9101,sine,L4 slip + CC dropout,0.5153454700641769,0.5701115258265427,0.04742329293956573,3.158619439473176
sensor_comm,9101,chirp,CC dropout only,0.50991047507033,0.49354509545066805,0.1136056525379047,3.023192588221482
sensor_comm,9101,chirp,CC intermittent only,0.5014686159552815,0.4748095642050785,0.09826977850464912,2.932227627334035
sensor_comm,9101,chirp,L4 loss only,1.0288625070706052,1.5117753511074805,0.1550978811905857,9.217212610713288
sensor_comm,9101,chirp,L4 loss + CC dropout,1.047180844511308,1.5434780747810737,0.31499074181318987,7.937336579890893
sensor_comm,9101,chirp,L4 slip only,0.6177576201506567,0.70843474194486,0.07069516097497776,5.945047456300635
sensor_comm,9101,chirp,L4 slip + CC dropout,0.6089256631191502,0.6872193174779436,0.035511159825727924,4.036912007385968
sensor_comm,9102,straight,CC dropout only,0.6901883969681042,0.8059415345819776,0.013584373152267213,4.688188963603057
sensor_comm,9102,straight,CC intermittent only,0.7293309093280359,0.8741955430370798,0.014665070736834273,5.060091903757262
sensor_comm,9102,straight,L4 loss only,1.300961388582768,1.9261661933757086,0.3209505197302218,11.523738897733216
sensor_comm,9102,straight,L4 loss + CC dropout,1.316612034533284,1.9501374418429265,0.5062333593921361,10.06930844506777
sensor_comm,9102,straight,L4 slip only,0.815885032020683,1.0377901062987667,0.10528902511711924,7.790727269985064
sensor_comm,9102,straight,L4 slip + CC dropout,0.8158855588835926,1.0377698464620233,0.1292616415229003,5.840716986386166
sensor_comm,9102,s_lr,CC dropout only,0.6719856257917168,0.7889587393262854,0.026434055154505615,4.647625561813954
sensor_comm,9102,s_lr,CC intermittent only,0.6479623410031923,0.7414278272586913,0.04603830488786799,4.393149504519025
sensor_comm,9102,s_lr,L4 loss only,1.3283062000602983,1.9772969423968925,0.1662003804222572,11.808173298043112
sensor_comm,9102,s_lr,L4 loss + CC dropout,1.4020675253765549,2.106238304218077,0.48881431378115303,10.87676872762598
sensor_comm,9102,s_lr,L4 slip only,0.8385962699291142,1.0823473968867214,0.0639566956062456,7.995081122819847
sensor_comm,9102,s_lr,L4 slip + CC dropout,0.8810999048106041,1.1758188202810238,0.1348871998820493,6.550071206550172
sensor_comm,9102,s_rl,CC dropout only,0.8414987368116803,0.9833819299899581,0.03235161763806257,6.000600201723181
sensor_comm,9102,s_rl,CC intermittent only,0.9190381284614412,1.1092108978701507,0.07178730823057103,6.715121967619047
sensor_comm,9102,s_rl,L4 loss only,1.2786058116843841,1.8202400191074388,0.47699666852348327,11.582826200298172
sensor_comm,9102,s_rl,L4 loss + CC dropout,1.271559008341163,1.8068914640356284,0.520073247634954,9.785205035193178
sensor_comm,9102,s_rl,L4 slip only,0.8498028475173484,0.9786481406436304,0.2491978849058368,8.211643513787326
sensor_comm,9102,s_rl,L4 slip + CC dropout,0.8718038669444896,1.0330241029942535,0.12479524004188378,6.254766200364589
sensor_comm,9102,sine,CC dropout only,0.6646100365590777,0.7732582471097543,0.01747858411614083,4.459542134215444
sensor_comm,9102,sine,CC intermittent only,0.6657099774228259,0.777510064933945,0.026041072529815266,4.470027167921491
sensor_comm,9102,sine,L4 loss only,1.3346463857731479,2.000789308486033,0.28202271189620076,11.820953624653034
sensor_comm,9102,sine,L4 loss + CC dropout,1.362899600866761,2.0478684691366436,0.49738579945207223,10.45708128817601
sensor_comm,9102,sine,L4 slip only,0.8227310981260583,1.0698952634303043,0.057731477304691234,7.872388358720464
sensor_comm,9102,sine,L4 slip + CC dropout,0.8285503595555054,1.0822405332967313,0.11657554372430771,5.973382806673238
sensor_comm,9102,chirp,CC dropout only,0.7211843483014786,0.8880693651462407,0.036558415139575307,5.054817299974459
sensor_comm,9102,chirp,CC intermittent only,0.7217764831791806,0.8920995412536243,0.026224808776206178,5.065619320538828
sensor_comm,9102,chirp,L4 loss only,1.3970107612448834,2.104039196337849,0.23742336355156315,12.365636715469535
sensor_comm,9102,chirp,L4 loss + CC dropout,1.4549584406922718,2.2014668917112195,0.5233557650846292,11.205362280464911
sensor_comm,9102,chirp,L4 slip only,0.8921358524338686,1.1910810435782155,0.03160318545040443,8.538289756825405
sensor_comm,9102,chirp,L4 slip + CC dropout,0.9240606226759104,1.2564710161588284,0.1501845585316713,6.857551030829935
sensor_comm,9103,straight,CC dropout only,0.44356720648981496,0.5500395440907492,0.08714743510368554,3.063444051979028
sensor_comm,9103,straight,CC intermittent only,0.46713377488221197,0.5986152301663383,0.07400591186495238,3.291320556159225
sensor_comm,9103,straight,L4 loss only,1.2017850782828554,1.854224694370942,0.214851996895206,10.482501084826545
sensor_comm,9103,straight,L4 loss + CC dropout,1.2398899157854115,1.9153736255260312,0.44138656687204286,9.645307349669423
sensor_comm,9103,straight,L4 slip only,0.6953659873039431,0.9817109963847208,0.06585458326425112,6.568919586071326
sensor_comm,9103,straight,L4 slip + CC dropout,0.727161344442416,1.0415315858923992,0.19020349705843953,5.513416066983505
sensor_comm,9103,s_lr,CC dropout only,0.6258436814799057,0.70402122966973,0.07455193364838716,4.541908355103155
sensor_comm,9103,s_lr,CC intermittent only,0.6662320109060172,0.7808572692346456,0.043835170022795286,4.933677156516584
sensor_comm,9103,s_lr,L4 loss only,1.2892621180064034,1.8917140447118903,0.10798699088197869,11.789892821457995
sensor_comm,9103,s_lr,L4 loss + CC dropout,1.356785180342611,2.014750465213996,0.4265507802127038,10.790251034567943
sensor_comm,9103,s_lr,L4 slip only,0.8200898388617978,1.031697483420984,0.04020406175694573,7.9914834972338555
sensor_comm,9103,s_lr,L4 slip + CC dropout,0.87848641830335,1.1651856171247967,0.1786072147686248,6.798909860979922
sensor_comm,9103,s_rl,CC dropout only,0.3308807844867456,0.31893894021571756,0.0778876991871145,2.0294582810231354
sensor_comm,9103,s_rl,CC intermittent only,0.3303244460657415,0.33004862877979385,0.0895760509428453,2.034308318302885
sensor_comm,9103,s_rl,L4 loss only,1.0591689334483896,1.6499509375321213,0.3339085816669649,8.948008068982224
sensor_comm,9103,s_rl,L4 loss + CC dropout,1.062948613086629,1.6542731603962537,0.43233952833533806,8.149208179024015
sensor_comm,9103,s_rl,L4 slip only,0.5582898759140127,0.7859863402299538,0.16475267548975503,5.06254155731418
sensor_comm,9103,s_rl,L4 slip + CC dropout,0.5525167695606071,0.7753164368878618,0.17985473313327893,4.02291953279046
sensor_comm,9103,sine,CC dropout only,0.5557049213393445,0.6752463812923262,0.04711793017525813,3.632446859027786
sensor_comm,9103,sine,CC intermittent only,0.6485503017695339,0.8618638837532275,0.05037187665508332,4.516135618219761
sensor_comm,9103,sine,L4 loss only,1.2667648078595852,1.9391095538049463,0.16751482352474265,11.16157655079975
sensor_comm,9103,sine,L4 loss + CC dropout,1.310395589997853,2.0141711779948515,0.3976794380053453,10.082433493315206
sensor_comm,9103,sine,L4 slip only,0.7862398337751989,1.0841146868160014,0.02925688816734698,7.522859502837306
sensor_comm,9103,sine,L4 slip + CC dropout,0.8225492847896915,1.1584471650068928,0.147890565259386,6.042286208003495
sensor_comm,9103,chirp,CC dropout only,0.6866347355930028,0.8592228359446221,0.06758492250003052,4.835347061443804
sensor_comm,9103,chirp,CC intermittent only,0.7750890963204338,1.0283382449274652,0.055220611194572576,5.657185010118963
sensor_comm,9103,chirp,L4 loss only,1.3771295499518865,2.0740618490975042,0.12946052900917632,12.403916731472293
sensor_comm,9103,chirp,L4 loss + CC dropout,1.4413315028909324,2.1861872669128504,0.42232661531584803,11.183097113401343
sensor_comm,9103,chirp,L4 slip only,0.900410975409339,1.2182554061850355,0.034911850654702994,8.793368720501908
sensor_comm,9103,chirp,L4 slip + CC dropout,0.9574128533936338,1.335023628148315,0.16880586109150914,7.1980638706991975
sensor_comm,9104,straight,CC dropout only,0.22836420187973888,0.25847480901034164,0.014068330461164652,1.4969974581938466
sensor_comm,9104,straight,CC intermittent only,0.22687421105246192,0.25537492526437416,0.00964963135617186,1.482437604782884
sensor_comm,9104,straight,L4 loss only,0.8793663279310474,1.3876435156350577,0.39914471441544286,7.142076952233478
sensor_comm,9104,straight,L4 loss + CC dropout,1.063431473373367,1.661782709530487,0.7032063955343772,7.639577096749065
sensor_comm,9104,straight,L4 slip only,0.34804269726999554,0.48836734404456605,0.0662980746798902,3.2206001620645015
sensor_comm,9104,straight,L4 slip + CC dropout,0.40036973141195176,0.5807802141972862,0.18349573189622767,2.9347151731926715
sensor_comm,9104,s_lr,CC dropout only,0.536322257437357,0.4443120961992634,0.10995323701114539,3.5241276979180265
sensor_comm,9104,s_lr,CC intermittent only,0.5268209819318415,0.38380719586689077,0.09692894270791398,3.3100932794423246
sensor_comm,9104,s_lr,L4 loss only,1.0332098711907176,1.456692217219725,0.2682639814882945,9.660822376857492
sensor_comm,9104,s_lr,L4 loss + CC dropout,1.310604572312859,1.9536499483949115,0.6513558752793809,10.206209738239998
sensor_comm,9104,s_lr,L4 slip only,0.5668438683502043,0.3905169511532038,0.049423141179707364,5.115888067752837
sensor_comm,9104,s_lr,L4 slip + CC dropout,0.5946149984523371,0.513497513160052,0.09453134654337582,4.015704985568336
sensor_comm,9104,s_rl,CC dropout only,0.438849413983424,0.29239769694492024,0.05997855772915796,2.786346976206965
sensor_comm,9104,s_rl,CC intermittent only,0.4691294592606208,0.3664955037631861,0.09348900563910079,3.1512758151486855
sensor_comm,9104,s_rl,L4 loss only,0.6835281154503787,0.9085978913184075,0.5407905154061504,5.265079546441161
sensor_comm,9104,s_rl,L4 loss + CC dropout,0.6772797945574389,0.8838476789882295,0.6200741744080981,4.521635972444212
sensor_comm,9104,s_rl,L4 slip only,0.4465942428502245,0.44938354922757584,0.2937249674696442,3.8741611155353355
sensor_comm,9104,s_rl,L4 slip + CC dropout,0.38777347432397996,0.31150776574852296,0.21721571986431107,2.5663874446931727
sensor_comm,9104,sine,CC dropout only,0.4902879374210256,0.5736088317019268,0.10992005632021815,2.9492272120679672
sensor_comm,9104,sine,CC intermittent only,0.4520316132953169,0.4753374088845025,0.06635948235186735,2.436178562292659
sensor_comm,9104,sine,L4 loss only,0.8917568458491482,1.3395579121015304,0.3047800543902337,7.495029238376238
sensor_comm,9104,sine,L4 loss + CC dropout,1.0486367266811365,1.5912302600422639,0.5898319338638475,7.3434873046967715
sensor_comm,9104,sine,L4 slip only,0.5035098121934414,0.578474082654054,0.02921949204699026,4.4862589334457175
sensor_comm,9104,sine,L4 slip + CC dropout,0.5140438991723904,0.6081845520359661,0.083134431371701,3.060056076096757
sensor_comm,9104,chirp,CC dropout only,0.6070629312296876,0.6808124736108591,0.10699831679214707,3.910325447837157
sensor_comm,9104,chirp,CC intermittent only,0.5969081578184525,0.6385512798237796,0.07451634334449928,3.7624522499273043
sensor_comm,9104,chirp,L4 loss only,1.0823625173396472,1.572800520178621,0.2569774421826099,9.834998811562011
sensor_comm,9104,chirp,L4 loss + CC dropout,1.289549321515125,1.927722802810844,0.6285792196915513,9.516345389285418
sensor_comm,9104,chirp,L4 slip only,0.6580985163417868,0.7515131500282347,0.04405956528577113,6.47760843318359
sensor_comm,9104,chirp,L4 slip + CC dropout,0.6806177450876011,0.8068579766196429,0.09485236633348856,4.578548381803907
sensor_comm,9105,straight,CC dropout only,0.23326978511112806,0.13026281565932346,0.08094404666130099,0.7890345273062006
sensor_comm,9105,straight,CC intermittent only,0.22887280750253838,0.09562412143268581,0.07190101734676038,0.6746975740179952
sensor_comm,9105,straight,L4 loss only,1.3247121547878422,2.09359562395034,0.7687994454454061,9.691281941970031
sensor_comm,9105,straight,L4 loss + CC dropout,1.4917149148648572,2.3351987563692815,1.0628558484160395,10.274526457571804
sensor_comm,9105,straight,L4 slip only,0.38576211076392697,0.5201717323018945,0.09319588708153756,3.2381158208546745
sensor_comm,9105,straight,L4 slip + CC dropout,0.429131615331773,0.5990961171990692,0.1737563096144688,2.9020330020746075
sensor_comm,9105,s_lr,CC dropout only,0.6146943989830452,0.8187412443735671,0.043494968582388535,4.848441776208584
sensor_comm,9105,s_lr,CC intermittent only,0.6100016618464509,0.8045538566248454,0.01558288833603443,4.80317405005964
sensor_comm,9105,s_lr,L4 loss only,1.184619069606284,1.6097258170872322,1.1702063294104854,8.031768488910753
sensor_comm,9105,s_lr,L4 loss + CC dropout,1.1608136886168097,1.5615336855712636,1.2474664658630368,7.3047296704789435
sensor_comm,9105,s_lr,L4 slip only,0.4289434075419938,0.37236472611087945,0.31822787076158815,3.5690600860881987
sensor_comm,9105,s_lr,L4 slip + CC dropout,0.4295001102077043,0.38042070048615145,0.22566225008021937,2.9039486186642103
sensor_comm,9105,s_rl,CC dropout only,0.5875930325007964,0.6093600403534737,0.08107059837769358,4.151926816250515
sensor_comm,9105,s_rl,CC intermittent only,0.6288305005122954,0.6829774227983807,0.10017659875465013,4.546234679596275
sensor_comm,9105,s_rl,L4 loss only,1.6437681132216344,2.5855591348258984,0.43713022011138636,14.149370741271818
sensor_comm,9105,s_rl,L4 loss + CC dropout,1.9387091700034254,3.0747846969169346,0.8793101685211852,15.050554490257767
sensor_comm,9105,s_rl,L4 slip only,0.879500784887961,1.1766158609856252,0.08717015262103266,8.364308094724615
sensor_comm,9105,s_rl,L4 slip + CC dropout,1.0344968121238471,1.500863623302863,0.17457898811831116,8.279207437116927
sensor_comm,9105,sine,CC dropout only,0.43204052065125687,0.552790129031173,0.07155963096962256,2.7948952277536896
sensor_comm,9105,sine,CC intermittent only,0.5223029400594021,0.7291791667934431,0.07749439611867563,3.6382845286111563
sensor_comm,9105,sine,L4 loss only,1.2879282836280836,2.0174278139342987,0.8202051870688063,9.513951047505362
sensor_comm,9105,sine,L4 loss + CC dropout,1.4336146795021218,2.2274937434138047,1.0942834008475613,9.659147787928447
sensor_comm,9105,sine,L4 slip only,0.33357704941265426,0.35033742605557194,0.1755662318849736,2.6980304554849037
sensor_comm,9105,sine,L4 slip + CC dropout,0.3466380475905753,0.3746123731302201,0.21467548385446938,1.7678773301133965
sensor_comm,9105,chirp,CC dropout only,0.6708666157507028,0.9418925301222462,0.09338859160608307,5.046661453115984
sensor_comm,9105,chirp,CC intermittent only,0.7545337115311591,1.0894442704767464,0.08059833467401797,5.7801566154853665
sensor_comm,9105,chirp,L4 loss only,1.2751569386274946,1.9210241482107904,0.9521470246980271,9.160792626016574
sensor_comm,9105,chirp,L4 loss + CC dropout,1.3554640563622615,2.02687683737143,1.1542398254980888,8.579491674063409
sensor_comm,9105,chirp,L4 slip only,0.35374185844103234,0.23831419405113521,0.2401563441859146,3.0433454895000285
sensor_comm,9105,chirp,L4 slip + CC dropout,0.35482743375170184,0.24707427828267886,0.194530553462489,1.8221011698812015
sensor_comm,9106,straight,CC dropout only,0.3076767814113507,0.2582568259616197,0.04322043887264491,1.5705328768299542
sensor_comm,9106,straight,CC intermittent only,0.31448387746032275,0.2797904965698457,0.03678275273492561,1.6684452802404874
sensor_comm,9106,straight,L4 loss only,0.3624731411114879,0.4036646929205873,0.1794035217232172,2.5754184916558667
sensor_comm,9106,straight,L4 loss + CC dropout,0.39095762583762284,0.45493419137442104,0.25466529117960923,2.1876748744583034
sensor_comm,9106,straight,L4 slip only,0.27547845538541904,0.13799427081820076,0.014150856031358216,1.8993052249087743
sensor_comm,9106,straight,L4 slip + CC dropout,0.2761726735759907,0.14449945612184478,0.002056567627444454,1.0565458837489903
sensor_comm,9106,s_lr,CC dropout only,0.7040745656097166,0.9384949040416807,0.04888751225319401,5.442209585160184
sensor_comm,9106,s_lr,CC intermittent only,0.7328331785596167,0.9808009783346098,0.04971359154172629,5.697806400539678
sensor_comm,9106,s_lr,L4 loss only,0.5257271364116212,0.5462970358893646,0.35548690763609514,4.205151296966617
sensor_comm,9106,s_lr,L4 loss + CC dropout,0.47176746201938535,0.4397771833948313,0.31980328666695584,2.909000402350584
sensor_comm,9106,s_lr,L4 slip only,0.5230952368506713,0.4919159685794301,0.15519445291053677,4.670145078976398
sensor_comm,9106,s_lr,L4 slip + CC dropout,0.5982394609333339,0.7295259632000628,0.033267754943468696,4.461216650754927
sensor_comm,9106,s_rl,CC dropout only,0.5069683397823688,0.5754359282081746,0.05659042007520785,3.62656998712895
sensor_comm,9106,s_rl,CC intermittent only,0.5020828602201527,0.5532377353546991,0.0811303493293494,3.5535058922639844
sensor_comm,9106,s_rl,L4 loss only,0.4338363299459751,0.374971061198503,0.02500881822961023,3.546911700267357
sensor_comm,9106,s_rl,L4 loss + CC dropout,0.520812363484009,0.6232608889031381,0.16861576387768137,3.779533724896323
sensor_comm,9106,s_rl,L4 slip only,0.4549509324535518,0.40302024665085207,0.12863896655899396,3.9687939738938853
sensor_comm,9106,s_rl,L4 slip + CC dropout,0.5242428129051917,0.620960751114217,0.032056858857706275,3.821333173728405
sensor_comm,9106,sine,CC dropout only,0.5447967412566593,0.668747647418434,0.06910697117938931,3.62050993265322
sensor_comm,9106,sine,CC intermittent only,0.6651459869230529,0.8974466232659175,0.0715890143880131,4.754668728014907
sensor_comm,9106,sine,L4 loss only,0.4117785247598915,0.29269139186743337,0.3054318759124479,3.0452881036502464
sensor_comm,9106,sine,L4 loss + CC dropout,0.40736575305191325,0.2904805622797021,0.23748459433508434,1.9652679907941633
sensor_comm,9106,sine,L4 slip only,0.4386342495199262,0.40379837894223874,0.07039864884028274,3.8972413000726878
sensor_comm,9106,sine,L4 slip + CC dropout,0.4748312228480229,0.5187856262031924,0.02940547847349186,2.917035286478158
sensor_comm,9106,chirp,CC dropout only,0.7855230818620234,1.070216001120071,0.10009649499563633,5.854323088047371
sensor_comm,9106,chirp,CC intermittent only,0.8951497436640656,1.260432431478045,0.07394458667653012,6.831052966758455
sensor_comm,9106,chirp,L4 loss only,0.4693067883754324,0.30554901481878227,0.3507257881171923,3.657974537290163
sensor_comm,9106,chirp,L4 loss + CC dropout,0.46199808713374757,0.27731784701034246,0.2521873185283988,2.274038250741431
sensor_comm,9106,chirp,L4 slip only,0.5855652946905788,0.6390599360726457,0.11604241544746641,5.593248299184435
sensor_comm,9106,chirp,L4 slip + CC dropout,0.6712202447987523,0.8576291333686472,0.041528117725183444,4.836838514564466
